
{"ts":"2025-10-28T04:47:20+00:00","msg":"HTTP request","ctx":{"method":"POST","url":"https://pay.pesapal.com/v3/api/Auth/RequestToken","code":200}}
{"ts":"2025-10-28T04:47:20+00:00","msg":"HTTP request","ctx":{"method":"GET","url":"https://pay.pesapal.com/v3/api/URLSetup/GetIpnList","code":200}}
{"ts":"2025-10-28T04:47:21+00:00","msg":"HTTP request","ctx":{"method":"POST","url":"https://pay.pesapal.com/v3/api/Transactions/SubmitOrderRequest","code":200}}
{"ts":"2025-10-28T04:47:26+00:00","msg":"HTTP request","ctx":{"method":"GET","url":"https://pay.pesapal.com/v3/api/Transactions/GetTransactionStatus?orderTrackingId=085b4d0d-7d7d-4d75-a0eb-db2847b82441","code":200}}
{"ts":"2025-10-28T04:53:38+00:00","msg":"HTTP request","ctx":{"method":"POST","url":"https://pay.pesapal.com/v3/api/Auth/RequestToken","code":200}}
{"ts":"2025-10-28T04:53:38+00:00","msg":"HTTP request","ctx":{"method":"GET","url":"https://pay.pesapal.com/v3/api/URLSetup/GetIpnList","code":200}}
{"ts":"2025-10-28T04:53:38+00:00","msg":"HTTP request","ctx":{"method":"POST","url":"https://pay.pesapal.com/v3/api/Transactions/SubmitOrderRequest","code":200}}
{"ts":"2025-10-28T04:55:14+00:00","msg":"HTTP request","ctx":{"method":"GET","url":"https://pay.pesapal.com/v3/api/URLSetup/GetIpnList","code":200}}
{"ts":"2025-10-28T04:55:14+00:00","msg":"HTTP request","ctx":{"method":"POST","url":"https://pay.pesapal.com/v3/api/Transactions/SubmitOrderRequest","code":200}}
{"ts":"2025-10-28T04:55:46+00:00","msg":"HTTP request","ctx":{"method":"GET","url":"https://pay.pesapal.com/v3/api/URLSetup/GetIpnList","code":200}}
{"ts":"2025-10-28T04:55:46+00:00","msg":"HTTP request","ctx":{"method":"POST","url":"https://pay.pesapal.com/v3/api/Transactions/SubmitOrderRequest","code":200}}
{"ts":"2025-10-28T12:56:17+00:00","msg":"HTTP request","ctx":{"method":"POST","url":"https://pay.pesapal.com/v3/api/Auth/RequestToken","code":200}}
{"ts":"2025-10-28T12:56:17+00:00","msg":"HTTP request","ctx":{"method":"GET","url":"https://pay.pesapal.com/v3/api/URLSetup/GetIpnList","code":200}}
{"ts":"2025-10-28T12:56:18+00:00","msg":"HTTP request","ctx":{"method":"POST","url":"https://pay.pesapal.com/v3/api/Transactions/SubmitOrderRequest","code":200}}
{"ts":"2025-10-28T12:56:24+00:00","msg":"HTTP request","ctx":{"method":"GET","url":"https://pay.pesapal.com/v3/api/Transactions/GetTransactionStatus?orderTrackingId=3e91f68d-d70b-4f6a-a87a-db28bb8aa2ea","code":200}}
{"ts":"2025-10-28T13:22:14+00:00","msg":"HTTP request","ctx":{"method":"POST","url":"https://pay.pesapal.com/v3/api/Auth/RequestToken","code":200}}
{"ts":"2025-10-28T13:22:15+00:00","msg":"HTTP request","ctx":{"method":"GET","url":"https://pay.pesapal.com/v3/api/URLSetup/GetIpnList","code":200}}
{"ts":"2025-10-28T13:22:15+00:00","msg":"HTTP request","ctx":{"method":"POST","url":"https://pay.pesapal.com/v3/api/Transactions/SubmitOrderRequest","code":200}}
{"ts":"2025-10-28T13:22:21+00:00","msg":"HTTP request","ctx":{"method":"GET","url":"https://pay.pesapal.com/v3/api/Transactions/GetTransactionStatus?orderTrackingId=e8633b4e-458f-4cb8-a77f-db28e449fd4b","code":200}}
{"ts":"2025-10-28T17:27:49+00:00","msg":"HTTP request","ctx":{"method":"POST","url":"https://pay.pesapal.com/v3/api/Auth/RequestToken","code":200}}
{"ts":"2025-10-28T17:27:49+00:00","msg":"HTTP request","ctx":{"method":"GET","url":"https://pay.pesapal.com/v3/api/URLSetup/GetIpnList","code":200}}
{"ts":"2025-10-28T17:27:49+00:00","msg":"HTTP request","ctx":{"method":"POST","url":"https://pay.pesapal.com/v3/api/Transactions/SubmitOrderRequest","code":200}}
{"ts":"2025-10-28T17:27:53+00:00","msg":"HTTP request","ctx":{"method":"GET","url":"https://pay.pesapal.com/v3/api/URLSetup/GetIpnList","code":200}}
{"ts":"2025-10-28T17:27:53+00:00","msg":"HTTP request","ctx":{"method":"POST","url":"https://pay.pesapal.com/v3/api/Transactions/SubmitOrderRequest","code":200}}
{"ts":"2025-10-28T17:32:55+00:00","msg":"HTTP request","ctx":{"method":"POST","url":"https://pay.pesapal.com/v3/api/Auth/RequestToken","code":200}}
{"ts":"2025-10-28T17:32:55+00:00","msg":"HTTP request","ctx":{"method":"GET","url":"https://pay.pesapal.com/v3/api/URLSetup/GetIpnList","code":200}}
{"ts":"2025-10-28T17:32:55+00:00","msg":"HTTP request","ctx":{"method":"POST","url":"https://pay.pesapal.com/v3/api/Transactions/SubmitOrderRequest","code":200}}
{"ts":"2025-10-28T17:32:58+00:00","msg":"HTTP request","ctx":{"method":"GET","url":"https://pay.pesapal.com/v3/api/URLSetup/GetIpnList","code":200}}
{"ts":"2025-10-28T17:32:58+00:00","msg":"HTTP request","ctx":{"method":"POST","url":"https://pay.pesapal.com/v3/api/Transactions/SubmitOrderRequest","code":200}}
{"ts":"2025-10-28T17:38:11+00:00","msg":"HTTP request","ctx":{"method":"POST","url":"https://pay.pesapal.com/v3/api/Auth/RequestToken","code":200}}
{"ts":"2025-10-28T17:38:11+00:00","msg":"HTTP request","ctx":{"method":"GET","url":"https://pay.pesapal.com/v3/api/URLSetup/GetIpnList","code":200}}
{"ts":"2025-10-28T17:38:12+00:00","msg":"HTTP request","ctx":{"method":"POST","url":"https://pay.pesapal.com/v3/api/Transactions/SubmitOrderRequest","code":200}}
{"ts":"2025-10-28T17:38:17+00:00","msg":"HTTP request","ctx":{"method":"GET","url":"https://pay.pesapal.com/v3/api/Transactions/GetTransactionStatus?orderTrackingId=54fdb418-3487-4fe8-9bec-db28b875c430","code":200}}
{"ts":"2025-10-28T17:40:19+00:00","msg":"Callback received","ctx":{"OrderTrackingId":"54fdb418-3487-4fe8-9bec-db28b875c430","OrderMerchantReference":"ORD88","Referer":"https://pay.pesapal.com/","UserAgent":"Mozilla/5.0 (Linux; Android 10; K) AppleWebKit/537.36 (KHTML, like Gecko) SamsungBrowser/28.0 Chrome/130.0.0.0 Mobile Safari/537.36","RemoteIP":"154.74.157.7","Allowed":"yes"}}
{"ts":"2025-10-28T17:40:19+00:00","msg":"HTTP request","ctx":{"method":"GET","url":"https://pay.pesapal.com/v3/api/Transactions/GetTransactionStatus?orderTrackingId=54fdb418-3487-4fe8-9bec-db28b875c430","code":200}}
{"ts":"2025-10-28T17:40:19+00:00","msg":"Callback status","ctx":{"pesapalStatus":"Completed","localStatus":"completed"}}
{"ts":"2025-10-28T17:40:19+00:00","msg":"Callback payments updated","ctx":{"order_id":88,"status":"completed"}}
{"ts":"2025-10-28T17:40:34+00:00","msg":"HTTP request","ctx":{"method":"GET","url":"https://pay.pesapal.com/v3/api/URLSetup/GetIpnList","code":200}}
{"ts":"2025-10-28T17:40:34+00:00","msg":"HTTP request","ctx":{"method":"POST","url":"https://pay.pesapal.com/v3/api/Transactions/SubmitOrderRequest","code":200}}
{"ts":"2025-11-04T11:30:35+00:00","msg":"HTTP request","ctx":{"method":"POST","url":"https://pay.pesapal.com/v3/api/Auth/RequestToken","code":200}}
{"ts":"2025-11-04T11:30:35+00:00","msg":"HTTP request","ctx":{"method":"GET","url":"https://pay.pesapal.com/v3/api/Transactions/GetTransactionStatus?orderTrackingId=1882ca18-0ed4-45be-b75c-db29616adcba","code":200}}
{"ts":"2025-11-05T05:51:50+00:00","msg":"HTTP request","ctx":{"method":"POST","url":"https://pay.pesapal.com/v3/api/Auth/RequestToken","code":200}}
{"ts":"2025-11-05T05:51:50+00:00","msg":"HTTP request","ctx":{"method":"GET","url":"https://pay.pesapal.com/v3/api/URLSetup/GetIpnList","code":200}}
{"ts":"2025-11-05T05:51:51+00:00","msg":"HTTP request","ctx":{"method":"POST","url":"https://pay.pesapal.com/v3/api/Transactions/SubmitOrderRequest","code":200}}
{"ts":"2025-11-05T05:51:57+00:00","msg":"HTTP request","ctx":{"method":"GET","url":"https://pay.pesapal.com/v3/api/Transactions/GetTransactionStatus?orderTrackingId=64a89bcb-bd80-4d4d-b1be-db20083c02f3","code":200}}
{"ts":"2025-11-05T05:55:05+00:00","msg":"HTTP request","ctx":{"method":"GET","url":"https://pay.pesapal.com/v3/api/URLSetup/GetIpnList","code":200}}
{"ts":"2025-11-05T05:55:05+00:00","msg":"HTTP request","ctx":{"method":"POST","url":"https://pay.pesapal.com/v3/api/Transactions/SubmitOrderRequest","code":200}}
{"ts":"2025-11-05T20:28:10+00:00","msg":"HTTP request","ctx":{"method":"POST","url":"https://pay.pesapal.com/v3/api/Auth/RequestToken","code":200}}
{"ts":"2025-11-05T20:28:10+00:00","msg":"HTTP request","ctx":{"method":"GET","url":"https://pay.pesapal.com/v3/api/URLSetup/GetIpnList","code":200}}
{"ts":"2025-11-05T20:28:11+00:00","msg":"HTTP request","ctx":{"method":"POST","url":"https://pay.pesapal.com/v3/api/Transactions/SubmitOrderRequest","code":200}}
{"ts":"2025-11-05T20:28:16+00:00","msg":"HTTP request","ctx":{"method":"GET","url":"https://pay.pesapal.com/v3/api/Transactions/GetTransactionStatus?orderTrackingId=6ae2b2f0-1b59-4c8b-8ad1-db2036f4a910","code":200}}
{"ts":"2025-11-05T20:30:02+00:00","msg":"HTTP request","ctx":{"method":"GET","url":"https://pay.pesapal.com/v3/api/URLSetup/GetIpnList","code":200}}
{"ts":"2025-11-05T20:30:02+00:00","msg":"HTTP request","ctx":{"method":"POST","url":"https://pay.pesapal.com/v3/api/Transactions/SubmitOrderRequest","code":200}}
{"ts":"2025-11-07T10:15:31+00:00","msg":"HTTP request","ctx":{"method":"POST","url":"https://pay.pesapal.com/v3/api/Auth/RequestToken","code":200}}
{"ts":"2025-11-07T10:15:36+00:00","msg":"HTTP request","ctx":{"method":"GET","url":"https://pay.pesapal.com/v3/api/URLSetup/GetIpnList","code":200}}
{"ts":"2025-11-07T10:15:39+00:00","msg":"HTTP request","ctx":{"method":"POST","url":"https://pay.pesapal.com/v3/api/URLSetup/RegisterIPN","code":200}}
{"ts":"2025-11-07T10:15:41+00:00","msg":"HTTP request","ctx":{"method":"POST","url":"https://pay.pesapal.com/v3/api/Transactions/SubmitOrderRequest","code":200}}
{"ts":"2025-11-07T10:15:47+00:00","msg":"HTTP request","ctx":{"method":"GET","url":"https://pay.pesapal.com/v3/api/Transactions/GetTransactionStatus?orderTrackingId=7185de07-0181-4f8b-bbb6-db1e5107b80c","code":200}}
{"ts":"2025-11-07T10:15:53+00:00","msg":"HTTP request","ctx":{"method":"GET","url":"https://pay.pesapal.com/v3/api/Transactions/GetTransactionStatus?orderTrackingId=7185de07-0181-4f8b-bbb6-db1e5107b80c","code":200}}
{"ts":"2025-11-07T10:15:59+00:00","msg":"HTTP request","ctx":{"method":"GET","url":"https://pay.pesapal.com/v3/api/Transactions/GetTransactionStatus?orderTrackingId=7185de07-0181-4f8b-bbb6-db1e5107b80c","code":200}}
{"ts":"2025-11-07T10:16:05+00:00","msg":"HTTP request","ctx":{"method":"GET","url":"https://pay.pesapal.com/v3/api/Transactions/GetTransactionStatus?orderTrackingId=7185de07-0181-4f8b-bbb6-db1e5107b80c","code":200}}
{"ts":"2025-11-07T10:16:11+00:00","msg":"HTTP request","ctx":{"method":"GET","url":"https://pay.pesapal.com/v3/api/Transactions/GetTransactionStatus?orderTrackingId=7185de07-0181-4f8b-bbb6-db1e5107b80c","code":200}}
{"ts":"2025-11-07T10:16:16+00:00","msg":"HTTP request","ctx":{"method":"GET","url":"https://pay.pesapal.com/v3/api/Transactions/GetTransactionStatus?orderTrackingId=7185de07-0181-4f8b-bbb6-db1e5107b80c","code":200}}
{"ts":"2025-11-07T10:16:23+00:00","msg":"HTTP request","ctx":{"method":"GET","url":"https://pay.pesapal.com/v3/api/Transactions/GetTransactionStatus?orderTrackingId=7185de07-0181-4f8b-bbb6-db1e5107b80c","code":200}}
{"ts":"2025-11-07T10:16:30+00:00","msg":"HTTP request","ctx":{"method":"GET","url":"https://pay.pesapal.com/v3/api/Transactions/GetTransactionStatus?orderTrackingId=7185de07-0181-4f8b-bbb6-db1e5107b80c","code":200}}
{"ts":"2025-11-07T10:16:37+00:00","msg":"HTTP request","ctx":{"method":"GET","url":"https://pay.pesapal.com/v3/api/Transactions/GetTransactionStatus?orderTrackingId=7185de07-0181-4f8b-bbb6-db1e5107b80c","code":200}}
{"ts":"2025-11-07T10:16:44+00:00","msg":"HTTP request","ctx":{"method":"GET","url":"https://pay.pesapal.com/v3/api/Transactions/GetTransactionStatus?orderTrackingId=7185de07-0181-4f8b-bbb6-db1e5107b80c","code":200}}
{"ts":"2025-11-07T10:16:57+00:00","msg":"HTTP request","ctx":{"method":"GET","url":"https://pay.pesapal.com/v3/api/Transactions/GetTransactionStatus?orderTrackingId=7185de07-0181-4f8b-bbb6-db1e5107b80c","code":200}}
{"ts":"2025-11-11T14:02:52+00:00","msg":"HTTP request","ctx":{"method":"POST","url":"https://pay.pesapal.com/v3/api/Auth/RequestToken","code":200}}
{"ts":"2025-11-11T14:02:52+00:00","msg":"HTTP request","ctx":{"method":"GET","url":"https://pay.pesapal.com/v3/api/URLSetup/GetIpnList","code":200}}
{"ts":"2025-11-11T14:02:52+00:00","msg":"HTTP request","ctx":{"method":"POST","url":"https://pay.pesapal.com/v3/api/URLSetup/RegisterIPN","code":200}}
{"ts":"2025-11-11T14:02:52+00:00","msg":"HTTP request","ctx":{"method":"POST","url":"https://pay.pesapal.com/v3/api/Transactions/SubmitOrderRequest","code":200}}
{"ts":"2025-11-11T14:02:57+00:00","msg":"HTTP request","ctx":{"method":"GET","url":"https://pay.pesapal.com/v3/api/Transactions/GetTransactionStatus?orderTrackingId=3defb089-1a4d-453c-ba67-db1c96a3a90d","code":200}}
{"ts":"2025-11-11T14:03:01+00:00","msg":"HTTP request","ctx":{"method":"GET","url":"https://pay.pesapal.com/v3/api/Transactions/GetTransactionStatus?orderTrackingId=3defb089-1a4d-453c-ba67-db1c96a3a90d","code":200}}
{"ts":"2025-11-11T14:03:06+00:00","msg":"HTTP request","ctx":{"method":"GET","url":"https://pay.pesapal.com/v3/api/Transactions/GetTransactionStatus?orderTrackingId=3defb089-1a4d-453c-ba67-db1c96a3a90d","code":200}}
{"ts":"2025-11-11T14:03:10+00:00","msg":"HTTP request","ctx":{"method":"GET","url":"https://pay.pesapal.com/v3/api/Transactions/GetTransactionStatus?orderTrackingId=3defb089-1a4d-453c-ba67-db1c96a3a90d","code":200}}
{"ts":"2025-11-11T14:03:15+00:00","msg":"HTTP request","ctx":{"method":"GET","url":"https://pay.pesapal.com/v3/api/Transactions/GetTransactionStatus?orderTrackingId=3defb089-1a4d-453c-ba67-db1c96a3a90d","code":200}}
{"ts":"2025-11-11T14:03:20+00:00","msg":"HTTP request","ctx":{"method":"GET","url":"https://pay.pesapal.com/v3/api/Transactions/GetTransactionStatus?orderTrackingId=3defb089-1a4d-453c-ba67-db1c96a3a90d","code":200}}
{"ts":"2025-11-11T14:03:24+00:00","msg":"HTTP request","ctx":{"method":"GET","url":"https://pay.pesapal.com/v3/api/Transactions/GetTransactionStatus?orderTrackingId=3defb089-1a4d-453c-ba67-db1c96a3a90d","code":200}}
{"ts":"2025-11-11T14:03:29+00:00","msg":"HTTP request","ctx":{"method":"GET","url":"https://pay.pesapal.com/v3/api/Transactions/GetTransactionStatus?orderTrackingId=3defb089-1a4d-453c-ba67-db1c96a3a90d","code":200}}
{"ts":"2025-11-11T14:03:34+00:00","msg":"HTTP request","ctx":{"method":"GET","url":"https://pay.pesapal.com/v3/api/Transactions/GetTransactionStatus?orderTrackingId=3defb089-1a4d-453c-ba67-db1c96a3a90d","code":200}}
{"ts":"2025-11-11T14:03:38+00:00","msg":"HTTP request","ctx":{"method":"GET","url":"https://pay.pesapal.com/v3/api/Transactions/GetTransactionStatus?orderTrackingId=3defb089-1a4d-453c-ba67-db1c96a3a90d","code":200}}
{"ts":"2025-11-11T14:03:43+00:00","msg":"HTTP request","ctx":{"method":"GET","url":"https://pay.pesapal.com/v3/api/Transactions/GetTransactionStatus?orderTrackingId=3defb089-1a4d-453c-ba67-db1c96a3a90d","code":200}}
{"ts":"2025-11-11T14:03:48+00:00","msg":"HTTP request","ctx":{"method":"GET","url":"https://pay.pesapal.com/v3/api/Transactions/GetTransactionStatus?orderTrackingId=3defb089-1a4d-453c-ba67-db1c96a3a90d","code":200}}
{"ts":"2025-11-11T14:03:52+00:00","msg":"HTTP request","ctx":{"method":"GET","url":"https://pay.pesapal.com/v3/api/Transactions/GetTransactionStatus?orderTrackingId=3defb089-1a4d-453c-ba67-db1c96a3a90d","code":200}}
{"ts":"2025-11-11T14:03:57+00:00","msg":"HTTP request","ctx":{"method":"GET","url":"https://pay.pesapal.com/v3/api/Transactions/GetTransactionStatus?orderTrackingId=3defb089-1a4d-453c-ba67-db1c96a3a90d","code":200}}
{"ts":"2025-11-11T14:04:02+00:00","msg":"HTTP request","ctx":{"method":"GET","url":"https://pay.pesapal.com/v3/api/Transactions/GetTransactionStatus?orderTrackingId=3defb089-1a4d-453c-ba67-db1c96a3a90d","code":200}}
{"ts":"2025-11-11T14:04:02+00:00","msg":"HTTP request","ctx":{"method":"GET","url":"https://pay.pesapal.com/v3/api/URLSetup/GetIpnList","code":200}}
{"ts":"2025-11-11T14:04:02+00:00","msg":"HTTP request","ctx":{"method":"POST","url":"https://pay.pesapal.com/v3/api/Transactions/SubmitOrderRequest","code":200}}
{"ts":"2025-11-11T14:04:06+00:00","msg":"HTTP request","ctx":{"method":"GET","url":"https://pay.pesapal.com/v3/api/Transactions/GetTransactionStatus?orderTrackingId=3defb089-1a4d-453c-ba67-db1c96a3a90d","code":200}}
{"ts":"2025-11-11T14:04:07+00:00","msg":"HTTP request","ctx":{"method":"GET","url":"https://pay.pesapal.com/v3/api/Transactions/GetTransactionStatus?orderTrackingId=7185de07-0181-4f8b-bbb6-db1e5107b80c","code":200}}
{"ts":"2025-11-11T14:04:11+00:00","msg":"HTTP request","ctx":{"method":"GET","url":"https://pay.pesapal.com/v3/api/Transactions/GetTransactionStatus?orderTrackingId=7185de07-0181-4f8b-bbb6-db1e5107b80c","code":200}}
{"ts":"2025-11-11T14:04:11+00:00","msg":"HTTP request","ctx":{"method":"GET","url":"https://pay.pesapal.com/v3/api/Transactions/GetTransactionStatus?orderTrackingId=3defb089-1a4d-453c-ba67-db1c96a3a90d","code":200}}
{"ts":"2025-11-11T14:04:16+00:00","msg":"HTTP request","ctx":{"method":"GET","url":"https://pay.pesapal.com/v3/api/Transactions/GetTransactionStatus?orderTrackingId=7185de07-0181-4f8b-bbb6-db1e5107b80c","code":200}}
{"ts":"2025-11-11T14:04:16+00:00","msg":"HTTP request","ctx":{"method":"GET","url":"https://pay.pesapal.com/v3/api/Transactions/GetTransactionStatus?orderTrackingId=3defb089-1a4d-453c-ba67-db1c96a3a90d","code":200}}
{"ts":"2025-11-11T14:04:20+00:00","msg":"HTTP request","ctx":{"method":"GET","url":"https://pay.pesapal.com/v3/api/Transactions/GetTransactionStatus?orderTrackingId=7185de07-0181-4f8b-bbb6-db1e5107b80c","code":200}}
{"ts":"2025-11-11T14:04:21+00:00","msg":"HTTP request","ctx":{"method":"GET","url":"https://pay.pesapal.com/v3/api/Transactions/GetTransactionStatus?orderTrackingId=3defb089-1a4d-453c-ba67-db1c96a3a90d","code":200}}
{"ts":"2025-11-11T14:04:25+00:00","msg":"HTTP request","ctx":{"method":"GET","url":"https://pay.pesapal.com/v3/api/Transactions/GetTransactionStatus?orderTrackingId=7185de07-0181-4f8b-bbb6-db1e5107b80c","code":200}}
{"ts":"2025-11-11T14:04:25+00:00","msg":"HTTP request","ctx":{"method":"GET","url":"https://pay.pesapal.com/v3/api/Transactions/GetTransactionStatus?orderTrackingId=3defb089-1a4d-453c-ba67-db1c96a3a90d","code":200}}
{"ts":"2025-11-11T14:04:29+00:00","msg":"HTTP request","ctx":{"method":"GET","url":"https://pay.pesapal.com/v3/api/Transactions/GetTransactionStatus?orderTrackingId=7185de07-0181-4f8b-bbb6-db1e5107b80c","code":200}}
{"ts":"2025-11-11T14:04:30+00:00","msg":"HTTP request","ctx":{"method":"GET","url":"https://pay.pesapal.com/v3/api/Transactions/GetTransactionStatus?orderTrackingId=3defb089-1a4d-453c-ba67-db1c96a3a90d","code":200}}
{"ts":"2025-11-11T14:04:35+00:00","msg":"HTTP request","ctx":{"method":"GET","url":"https://pay.pesapal.com/v3/api/Transactions/GetTransactionStatus?orderTrackingId=7185de07-0181-4f8b-bbb6-db1e5107b80c","code":200}}
{"ts":"2025-11-11T14:04:35+00:00","msg":"HTTP request","ctx":{"method":"GET","url":"https://pay.pesapal.com/v3/api/Transactions/GetTransactionStatus?orderTrackingId=3defb089-1a4d-453c-ba67-db1c96a3a90d","code":200}}
{"ts":"2025-11-11T14:04:39+00:00","msg":"HTTP request","ctx":{"method":"GET","url":"https://pay.pesapal.com/v3/api/Transactions/GetTransactionStatus?orderTrackingId=3defb089-1a4d-453c-ba67-db1c96a3a90d","code":200}}
{"ts":"2025-11-11T14:04:39+00:00","msg":"HTTP request","ctx":{"method":"GET","url":"https://pay.pesapal.com/v3/api/Transactions/GetTransactionStatus?orderTrackingId=7185de07-0181-4f8b-bbb6-db1e5107b80c","code":200}}
{"ts":"2025-11-11T14:04:44+00:00","msg":"HTTP request","ctx":{"method":"GET","url":"https://pay.pesapal.com/v3/api/Transactions/GetTransactionStatus?orderTrackingId=3defb089-1a4d-453c-ba67-db1c96a3a90d","code":200}}
{"ts":"2025-11-11T14:04:45+00:00","msg":"HTTP request","ctx":{"method":"GET","url":"https://pay.pesapal.com/v3/api/Transactions/GetTransactionStatus?orderTrackingId=7185de07-0181-4f8b-bbb6-db1e5107b80c","code":200}}
{"ts":"2025-11-11T14:04:49+00:00","msg":"HTTP request","ctx":{"method":"GET","url":"https://pay.pesapal.com/v3/api/Transactions/GetTransactionStatus?orderTrackingId=3defb089-1a4d-453c-ba67-db1c96a3a90d","code":200}}
{"ts":"2025-11-11T14:04:50+00:00","msg":"HTTP request","ctx":{"method":"GET","url":"https://pay.pesapal.com/v3/api/Transactions/GetTransactionStatus?orderTrackingId=7185de07-0181-4f8b-bbb6-db1e5107b80c","code":200}}
{"ts":"2025-11-11T14:04:54+00:00","msg":"HTTP request","ctx":{"method":"GET","url":"https://pay.pesapal.com/v3/api/Transactions/GetTransactionStatus?orderTrackingId=3defb089-1a4d-453c-ba67-db1c96a3a90d","code":200}}
{"ts":"2025-11-11T14:04:55+00:00","msg":"HTTP request","ctx":{"method":"GET","url":"https://pay.pesapal.com/v3/api/Transactions/GetTransactionStatus?orderTrackingId=7185de07-0181-4f8b-bbb6-db1e5107b80c","code":200}}
{"ts":"2025-11-11T14:05:00+00:00","msg":"HTTP request","ctx":{"method":"GET","url":"https://pay.pesapal.com/v3/api/Transactions/GetTransactionStatus?orderTrackingId=7185de07-0181-4f8b-bbb6-db1e5107b80c","code":200}}
{"ts":"2025-11-11T14:05:10+00:00","msg":"HTTP request","ctx":{"method":"GET","url":"https://pay.pesapal.com/v3/api/Transactions/GetTransactionStatus?orderTrackingId=7185de07-0181-4f8b-bbb6-db1e5107b80c","code":200}}
{"ts":"2025-11-11T14:05:15+00:00","msg":"HTTP request","ctx":{"method":"GET","url":"https://pay.pesapal.com/v3/api/Transactions/GetTransactionStatus?orderTrackingId=7185de07-0181-4f8b-bbb6-db1e5107b80c","code":200}}
{"ts":"2025-11-11T14:05:17+00:00","msg":"HTTP request","ctx":{"method":"GET","url":"https://pay.pesapal.com/v3/api/Transactions/GetTransactionStatus?orderTrackingId=3defb089-1a4d-453c-ba67-db1c96a3a90d","code":200}}
{"ts":"2025-11-11T14:05:20+00:00","msg":"HTTP request","ctx":{"method":"GET","url":"https://pay.pesapal.com/v3/api/Transactions/GetTransactionStatus?orderTrackingId=7185de07-0181-4f8b-bbb6-db1e5107b80c","code":200}}
{"ts":"2025-11-11T14:05:22+00:00","msg":"HTTP request","ctx":{"method":"GET","url":"https://pay.pesapal.com/v3/api/Transactions/GetTransactionStatus?orderTrackingId=3defb089-1a4d-453c-ba67-db1c96a3a90d","code":200}}
{"ts":"2025-11-11T14:05:25+00:00","msg":"HTTP request","ctx":{"method":"GET","url":"https://pay.pesapal.com/v3/api/Transactions/GetTransactionStatus?orderTrackingId=7185de07-0181-4f8b-bbb6-db1e5107b80c","code":200}}
{"ts":"2025-11-11T14:05:26+00:00","msg":"HTTP request","ctx":{"method":"GET","url":"https://pay.pesapal.com/v3/api/Transactions/GetTransactionStatus?orderTrackingId=3defb089-1a4d-453c-ba67-db1c96a3a90d","code":200}}
{"ts":"2025-11-11T14:05:29+00:00","msg":"HTTP request","ctx":{"method":"GET","url":"https://pay.pesapal.com/v3/api/Transactions/GetTransactionStatus?orderTrackingId=7185de07-0181-4f8b-bbb6-db1e5107b80c","code":200}}
{"ts":"2025-11-11T14:05:31+00:00","msg":"HTTP request","ctx":{"method":"GET","url":"https://pay.pesapal.com/v3/api/Transactions/GetTransactionStatus?orderTrackingId=3defb089-1a4d-453c-ba67-db1c96a3a90d","code":200}}
{"ts":"2025-11-11T14:05:34+00:00","msg":"HTTP request","ctx":{"method":"GET","url":"https://pay.pesapal.com/v3/api/Transactions/GetTransactionStatus?orderTrackingId=7185de07-0181-4f8b-bbb6-db1e5107b80c","code":200}}
{"ts":"2025-11-11T14:05:36+00:00","msg":"HTTP request","ctx":{"method":"GET","url":"https://pay.pesapal.com/v3/api/Transactions/GetTransactionStatus?orderTrackingId=3defb089-1a4d-453c-ba67-db1c96a3a90d","code":200}}
{"ts":"2025-11-11T14:05:39+00:00","msg":"HTTP request","ctx":{"method":"GET","url":"https://pay.pesapal.com/v3/api/Transactions/GetTransactionStatus?orderTrackingId=7185de07-0181-4f8b-bbb6-db1e5107b80c","code":200}}
{"ts":"2025-11-11T14:05:40+00:00","msg":"HTTP request","ctx":{"method":"GET","url":"https://pay.pesapal.com/v3/api/Transactions/GetTransactionStatus?orderTrackingId=3defb089-1a4d-453c-ba67-db1c96a3a90d","code":200}}
{"ts":"2025-11-11T14:05:44+00:00","msg":"HTTP request","ctx":{"method":"GET","url":"https://pay.pesapal.com/v3/api/Transactions/GetTransactionStatus?orderTrackingId=7185de07-0181-4f8b-bbb6-db1e5107b80c","code":200}}
{"ts":"2025-11-11T14:05:45+00:00","msg":"HTTP request","ctx":{"method":"GET","url":"https://pay.pesapal.com/v3/api/Transactions/GetTransactionStatus?orderTrackingId=3defb089-1a4d-453c-ba67-db1c96a3a90d","code":200}}
{"ts":"2025-11-11T14:05:50+00:00","msg":"HTTP request","ctx":{"method":"GET","url":"https://pay.pesapal.com/v3/api/Transactions/GetTransactionStatus?orderTrackingId=7185de07-0181-4f8b-bbb6-db1e5107b80c","code":200}}
{"ts":"2025-11-11T14:05:54+00:00","msg":"HTTP request","ctx":{"method":"GET","url":"https://pay.pesapal.com/v3/api/Transactions/GetTransactionStatus?orderTrackingId=7185de07-0181-4f8b-bbb6-db1e5107b80c","code":200}}
{"ts":"2025-11-11T14:05:59+00:00","msg":"HTTP request","ctx":{"method":"GET","url":"https://pay.pesapal.com/v3/api/Transactions/GetTransactionStatus?orderTrackingId=7185de07-0181-4f8b-bbb6-db1e5107b80c","code":200}}
{"ts":"2025-11-11T14:06:05+00:00","msg":"HTTP request","ctx":{"method":"GET","url":"https://pay.pesapal.com/v3/api/Transactions/GetTransactionStatus?orderTrackingId=7185de07-0181-4f8b-bbb6-db1e5107b80c","code":200}}
{"ts":"2025-11-11T14:06:10+00:00","msg":"HTTP request","ctx":{"method":"GET","url":"https://pay.pesapal.com/v3/api/Transactions/GetTransactionStatus?orderTrackingId=7185de07-0181-4f8b-bbb6-db1e5107b80c","code":200}}
{"ts":"2025-11-11T14:06:15+00:00","msg":"HTTP request","ctx":{"method":"GET","url":"https://pay.pesapal.com/v3/api/Transactions/GetTransactionStatus?orderTrackingId=7185de07-0181-4f8b-bbb6-db1e5107b80c","code":200}}
{"ts":"2025-11-11T14:06:20+00:00","msg":"HTTP request","ctx":{"method":"GET","url":"https://pay.pesapal.com/v3/api/Transactions/GetTransactionStatus?orderTrackingId=7185de07-0181-4f8b-bbb6-db1e5107b80c","code":200}}
{"ts":"2025-11-11T14:06:25+00:00","msg":"HTTP request","ctx":{"method":"GET","url":"https://pay.pesapal.com/v3/api/Transactions/GetTransactionStatus?orderTrackingId=7185de07-0181-4f8b-bbb6-db1e5107b80c","code":200}}
{"ts":"2025-11-11T14:06:30+00:00","msg":"HTTP request","ctx":{"method":"GET","url":"https://pay.pesapal.com/v3/api/Transactions/GetTransactionStatus?orderTrackingId=7185de07-0181-4f8b-bbb6-db1e5107b80c","code":200}}
{"ts":"2025-11-11T14:06:34+00:00","msg":"HTTP request","ctx":{"method":"GET","url":"https://pay.pesapal.com/v3/api/Transactions/GetTransactionStatus?orderTrackingId=7185de07-0181-4f8b-bbb6-db1e5107b80c","code":200}}
{"ts":"2025-11-11T14:06:39+00:00","msg":"HTTP request","ctx":{"method":"GET","url":"https://pay.pesapal.com/v3/api/Transactions/GetTransactionStatus?orderTrackingId=7185de07-0181-4f8b-bbb6-db1e5107b80c","code":200}}
{"ts":"2025-11-11T14:06:45+00:00","msg":"HTTP request","ctx":{"method":"GET","url":"https://pay.pesapal.com/v3/api/Transactions/GetTransactionStatus?orderTrackingId=7185de07-0181-4f8b-bbb6-db1e5107b80c","code":200}}
{"ts":"2025-11-11T14:06:50+00:00","msg":"HTTP request","ctx":{"method":"GET","url":"https://pay.pesapal.com/v3/api/Transactions/GetTransactionStatus?orderTrackingId=7185de07-0181-4f8b-bbb6-db1e5107b80c","code":200}}
{"ts":"2025-11-11T14:06:54+00:00","msg":"HTTP request","ctx":{"method":"GET","url":"https://pay.pesapal.com/v3/api/Transactions/GetTransactionStatus?orderTrackingId=7185de07-0181-4f8b-bbb6-db1e5107b80c","code":200}}
{"ts":"2025-11-11T14:07:00+00:00","msg":"HTTP request","ctx":{"method":"GET","url":"https://pay.pesapal.com/v3/api/Transactions/GetTransactionStatus?orderTrackingId=7185de07-0181-4f8b-bbb6-db1e5107b80c","code":200}}
{"ts":"2025-11-11T14:07:05+00:00","msg":"HTTP request","ctx":{"method":"GET","url":"https://pay.pesapal.com/v3/api/Transactions/GetTransactionStatus?orderTrackingId=7185de07-0181-4f8b-bbb6-db1e5107b80c","code":200}}
{"ts":"2025-11-11T14:07:09+00:00","msg":"HTTP request","ctx":{"method":"GET","url":"https://pay.pesapal.com/v3/api/Transactions/GetTransactionStatus?orderTrackingId=7185de07-0181-4f8b-bbb6-db1e5107b80c","code":200}}
{"ts":"2025-11-11T14:07:15+00:00","msg":"HTTP request","ctx":{"method":"GET","url":"https://pay.pesapal.com/v3/api/Transactions/GetTransactionStatus?orderTrackingId=7185de07-0181-4f8b-bbb6-db1e5107b80c","code":200}}
{"ts":"2025-11-11T14:07:19+00:00","msg":"HTTP request","ctx":{"method":"GET","url":"https://pay.pesapal.com/v3/api/Transactions/GetTransactionStatus?orderTrackingId=7185de07-0181-4f8b-bbb6-db1e5107b80c","code":200}}
{"ts":"2025-11-11T14:07:25+00:00","msg":"HTTP request","ctx":{"method":"GET","url":"https://pay.pesapal.com/v3/api/Transactions/GetTransactionStatus?orderTrackingId=7185de07-0181-4f8b-bbb6-db1e5107b80c","code":200}}
{"ts":"2025-11-11T14:07:30+00:00","msg":"HTTP request","ctx":{"method":"GET","url":"https://pay.pesapal.com/v3/api/Transactions/GetTransactionStatus?orderTrackingId=7185de07-0181-4f8b-bbb6-db1e5107b80c","code":200}}
{"ts":"2025-11-11T14:07:35+00:00","msg":"HTTP request","ctx":{"method":"GET","url":"https://pay.pesapal.com/v3/api/Transactions/GetTransactionStatus?orderTrackingId=7185de07-0181-4f8b-bbb6-db1e5107b80c","code":200}}
{"ts":"2025-11-11T14:07:40+00:00","msg":"HTTP request","ctx":{"method":"POST","url":"https://pay.pesapal.com/v3/api/Auth/RequestToken","code":200}}
{"ts":"2025-11-11T14:07:40+00:00","msg":"HTTP request","ctx":{"method":"GET","url":"https://pay.pesapal.com/v3/api/Transactions/GetTransactionStatus?orderTrackingId=7185de07-0181-4f8b-bbb6-db1e5107b80c","code":200}}
{"ts":"2025-11-11T14:07:45+00:00","msg":"HTTP request","ctx":{"method":"GET","url":"https://pay.pesapal.com/v3/api/Transactions/GetTransactionStatus?orderTrackingId=7185de07-0181-4f8b-bbb6-db1e5107b80c","code":200}}
{"ts":"2025-11-11T14:07:49+00:00","msg":"HTTP request","ctx":{"method":"GET","url":"https://pay.pesapal.com/v3/api/Transactions/GetTransactionStatus?orderTrackingId=7185de07-0181-4f8b-bbb6-db1e5107b80c","code":200}}
{"ts":"2025-11-11T14:07:55+00:00","msg":"HTTP request","ctx":{"method":"GET","url":"https://pay.pesapal.com/v3/api/Transactions/GetTransactionStatus?orderTrackingId=7185de07-0181-4f8b-bbb6-db1e5107b80c","code":200}}
{"ts":"2025-11-11T14:07:59+00:00","msg":"HTTP request","ctx":{"method":"GET","url":"https://pay.pesapal.com/v3/api/Transactions/GetTransactionStatus?orderTrackingId=7185de07-0181-4f8b-bbb6-db1e5107b80c","code":200}}
{"ts":"2025-11-11T14:08:05+00:00","msg":"HTTP request","ctx":{"method":"GET","url":"https://pay.pesapal.com/v3/api/Transactions/GetTransactionStatus?orderTrackingId=7185de07-0181-4f8b-bbb6-db1e5107b80c","code":200}}
{"ts":"2025-11-11T14:08:10+00:00","msg":"HTTP request","ctx":{"method":"GET","url":"https://pay.pesapal.com/v3/api/Transactions/GetTransactionStatus?orderTrackingId=7185de07-0181-4f8b-bbb6-db1e5107b80c","code":200}}
{"ts":"2025-11-11T14:08:14+00:00","msg":"HTTP request","ctx":{"method":"GET","url":"https://pay.pesapal.com/v3/api/Transactions/GetTransactionStatus?orderTrackingId=7185de07-0181-4f8b-bbb6-db1e5107b80c","code":200}}
{"ts":"2025-11-11T14:08:19+00:00","msg":"HTTP request","ctx":{"method":"GET","url":"https://pay.pesapal.com/v3/api/Transactions/GetTransactionStatus?orderTrackingId=7185de07-0181-4f8b-bbb6-db1e5107b80c","code":200}}
{"ts":"2025-11-11T14:08:25+00:00","msg":"HTTP request","ctx":{"method":"GET","url":"https://pay.pesapal.com/v3/api/Transactions/GetTransactionStatus?orderTrackingId=7185de07-0181-4f8b-bbb6-db1e5107b80c","code":200}}
{"ts":"2025-11-11T14:08:29+00:00","msg":"HTTP request","ctx":{"method":"GET","url":"https://pay.pesapal.com/v3/api/Transactions/GetTransactionStatus?orderTrackingId=7185de07-0181-4f8b-bbb6-db1e5107b80c","code":200}}
{"ts":"2025-11-11T14:08:35+00:00","msg":"HTTP request","ctx":{"method":"GET","url":"https://pay.pesapal.com/v3/api/Transactions/GetTransactionStatus?orderTrackingId=7185de07-0181-4f8b-bbb6-db1e5107b80c","code":200}}
{"ts":"2025-11-11T14:08:40+00:00","msg":"HTTP request","ctx":{"method":"GET","url":"https://pay.pesapal.com/v3/api/Transactions/GetTransactionStatus?orderTrackingId=7185de07-0181-4f8b-bbb6-db1e5107b80c","code":200}}
{"ts":"2025-11-11T14:08:45+00:00","msg":"HTTP request","ctx":{"method":"GET","url":"https://pay.pesapal.com/v3/api/Transactions/GetTransactionStatus?orderTrackingId=7185de07-0181-4f8b-bbb6-db1e5107b80c","code":200}}
{"ts":"2025-11-11T14:08:49+00:00","msg":"HTTP request","ctx":{"method":"GET","url":"https://pay.pesapal.com/v3/api/Transactions/GetTransactionStatus?orderTrackingId=7185de07-0181-4f8b-bbb6-db1e5107b80c","code":200}}
{"ts":"2025-11-11T14:08:54+00:00","msg":"HTTP request","ctx":{"method":"GET","url":"https://pay.pesapal.com/v3/api/Transactions/GetTransactionStatus?orderTrackingId=7185de07-0181-4f8b-bbb6-db1e5107b80c","code":200}}
{"ts":"2025-11-11T14:09:00+00:00","msg":"HTTP request","ctx":{"method":"GET","url":"https://pay.pesapal.com/v3/api/Transactions/GetTransactionStatus?orderTrackingId=7185de07-0181-4f8b-bbb6-db1e5107b80c","code":200}}
{"ts":"2025-11-11T14:09:05+00:00","msg":"HTTP request","ctx":{"method":"GET","url":"https://pay.pesapal.com/v3/api/Transactions/GetTransactionStatus?orderTrackingId=7185de07-0181-4f8b-bbb6-db1e5107b80c","code":200}}
{"ts":"2025-11-11T14:09:10+00:00","msg":"HTTP request","ctx":{"method":"GET","url":"https://pay.pesapal.com/v3/api/Transactions/GetTransactionStatus?orderTrackingId=7185de07-0181-4f8b-bbb6-db1e5107b80c","code":200}}
{"ts":"2025-11-11T14:09:14+00:00","msg":"HTTP request","ctx":{"method":"GET","url":"https://pay.pesapal.com/v3/api/Transactions/GetTransactionStatus?orderTrackingId=7185de07-0181-4f8b-bbb6-db1e5107b80c","code":200}}
{"ts":"2025-11-11T14:09:20+00:00","msg":"HTTP request","ctx":{"method":"GET","url":"https://pay.pesapal.com/v3/api/Transactions/GetTransactionStatus?orderTrackingId=7185de07-0181-4f8b-bbb6-db1e5107b80c","code":200}}
{"ts":"2025-11-11T14:09:25+00:00","msg":"HTTP request","ctx":{"method":"GET","url":"https://pay.pesapal.com/v3/api/Transactions/GetTransactionStatus?orderTrackingId=7185de07-0181-4f8b-bbb6-db1e5107b80c","code":200}}
{"ts":"2025-11-11T14:09:29+00:00","msg":"HTTP request","ctx":{"method":"GET","url":"https://pay.pesapal.com/v3/api/Transactions/GetTransactionStatus?orderTrackingId=7185de07-0181-4f8b-bbb6-db1e5107b80c","code":200}}
{"ts":"2025-11-11T14:09:35+00:00","msg":"HTTP request","ctx":{"method":"GET","url":"https://pay.pesapal.com/v3/api/Transactions/GetTransactionStatus?orderTrackingId=7185de07-0181-4f8b-bbb6-db1e5107b80c","code":200}}
{"ts":"2025-11-11T14:09:40+00:00","msg":"HTTP request","ctx":{"method":"GET","url":"https://pay.pesapal.com/v3/api/Transactions/GetTransactionStatus?orderTrackingId=7185de07-0181-4f8b-bbb6-db1e5107b80c","code":200}}
{"ts":"2025-11-11T14:09:44+00:00","msg":"HTTP request","ctx":{"method":"GET","url":"https://pay.pesapal.com/v3/api/Transactions/GetTransactionStatus?orderTrackingId=7185de07-0181-4f8b-bbb6-db1e5107b80c","code":200}}
{"ts":"2025-11-11T14:09:50+00:00","msg":"HTTP request","ctx":{"method":"GET","url":"https://pay.pesapal.com/v3/api/Transactions/GetTransactionStatus?orderTrackingId=7185de07-0181-4f8b-bbb6-db1e5107b80c","code":200}}
{"ts":"2025-11-11T14:09:55+00:00","msg":"HTTP request","ctx":{"method":"GET","url":"https://pay.pesapal.com/v3/api/Transactions/GetTransactionStatus?orderTrackingId=7185de07-0181-4f8b-bbb6-db1e5107b80c","code":200}}
{"ts":"2025-11-11T14:10:00+00:00","msg":"HTTP request","ctx":{"method":"GET","url":"https://pay.pesapal.com/v3/api/Transactions/GetTransactionStatus?orderTrackingId=7185de07-0181-4f8b-bbb6-db1e5107b80c","code":200}}
{"ts":"2025-11-11T14:10:05+00:00","msg":"HTTP request","ctx":{"method":"GET","url":"https://pay.pesapal.com/v3/api/Transactions/GetTransactionStatus?orderTrackingId=7185de07-0181-4f8b-bbb6-db1e5107b80c","code":200}}
{"ts":"2025-11-11T14:10:10+00:00","msg":"HTTP request","ctx":{"method":"GET","url":"https://pay.pesapal.com/v3/api/Transactions/GetTransactionStatus?orderTrackingId=7185de07-0181-4f8b-bbb6-db1e5107b80c","code":200}}
{"ts":"2025-11-11T14:10:15+00:00","msg":"HTTP request","ctx":{"method":"GET","url":"https://pay.pesapal.com/v3/api/Transactions/GetTransactionStatus?orderTrackingId=7185de07-0181-4f8b-bbb6-db1e5107b80c","code":200}}
{"ts":"2025-11-11T14:10:19+00:00","msg":"HTTP request","ctx":{"method":"GET","url":"https://pay.pesapal.com/v3/api/Transactions/GetTransactionStatus?orderTrackingId=7185de07-0181-4f8b-bbb6-db1e5107b80c","code":200}}
{"ts":"2025-11-11T14:10:24+00:00","msg":"HTTP request","ctx":{"method":"GET","url":"https://pay.pesapal.com/v3/api/Transactions/GetTransactionStatus?orderTrackingId=7185de07-0181-4f8b-bbb6-db1e5107b80c","code":200}}
{"ts":"2025-11-11T14:10:29+00:00","msg":"HTTP request","ctx":{"method":"GET","url":"https://pay.pesapal.com/v3/api/Transactions/GetTransactionStatus?orderTrackingId=7185de07-0181-4f8b-bbb6-db1e5107b80c","code":200}}
{"ts":"2025-11-11T14:10:35+00:00","msg":"HTTP request","ctx":{"method":"GET","url":"https://pay.pesapal.com/v3/api/Transactions/GetTransactionStatus?orderTrackingId=7185de07-0181-4f8b-bbb6-db1e5107b80c","code":200}}
{"ts":"2025-11-11T14:10:39+00:00","msg":"HTTP request","ctx":{"method":"GET","url":"https://pay.pesapal.com/v3/api/Transactions/GetTransactionStatus?orderTrackingId=7185de07-0181-4f8b-bbb6-db1e5107b80c","code":200}}
{"ts":"2025-11-11T14:10:45+00:00","msg":"HTTP request","ctx":{"method":"GET","url":"https://pay.pesapal.com/v3/api/Transactions/GetTransactionStatus?orderTrackingId=7185de07-0181-4f8b-bbb6-db1e5107b80c","code":200}}
{"ts":"2025-11-11T14:10:50+00:00","msg":"HTTP request","ctx":{"method":"GET","url":"https://pay.pesapal.com/v3/api/Transactions/GetTransactionStatus?orderTrackingId=7185de07-0181-4f8b-bbb6-db1e5107b80c","code":200}}
{"ts":"2025-11-11T14:10:55+00:00","msg":"HTTP request","ctx":{"method":"GET","url":"https://pay.pesapal.com/v3/api/Transactions/GetTransactionStatus?orderTrackingId=7185de07-0181-4f8b-bbb6-db1e5107b80c","code":200}}
{"ts":"2025-11-11T14:11:00+00:00","msg":"HTTP request","ctx":{"method":"GET","url":"https://pay.pesapal.com/v3/api/Transactions/GetTransactionStatus?orderTrackingId=7185de07-0181-4f8b-bbb6-db1e5107b80c","code":200}}
{"ts":"2025-11-11T14:11:04+00:00","msg":"HTTP request","ctx":{"method":"GET","url":"https://pay.pesapal.com/v3/api/Transactions/GetTransactionStatus?orderTrackingId=7185de07-0181-4f8b-bbb6-db1e5107b80c","code":200}}
{"ts":"2025-11-11T14:11:10+00:00","msg":"HTTP request","ctx":{"method":"GET","url":"https://pay.pesapal.com/v3/api/Transactions/GetTransactionStatus?orderTrackingId=7185de07-0181-4f8b-bbb6-db1e5107b80c","code":200}}
{"ts":"2025-11-11T14:11:14+00:00","msg":"HTTP request","ctx":{"method":"GET","url":"https://pay.pesapal.com/v3/api/Transactions/GetTransactionStatus?orderTrackingId=7185de07-0181-4f8b-bbb6-db1e5107b80c","code":200}}
{"ts":"2025-11-11T14:11:20+00:00","msg":"HTTP request","ctx":{"method":"GET","url":"https://pay.pesapal.com/v3/api/Transactions/GetTransactionStatus?orderTrackingId=7185de07-0181-4f8b-bbb6-db1e5107b80c","code":200}}
{"ts":"2025-11-11T14:11:25+00:00","msg":"HTTP request","ctx":{"method":"GET","url":"https://pay.pesapal.com/v3/api/Transactions/GetTransactionStatus?orderTrackingId=7185de07-0181-4f8b-bbb6-db1e5107b80c","code":200}}
{"ts":"2025-11-11T14:11:29+00:00","msg":"HTTP request","ctx":{"method":"GET","url":"https://pay.pesapal.com/v3/api/Transactions/GetTransactionStatus?orderTrackingId=7185de07-0181-4f8b-bbb6-db1e5107b80c","code":200}}
{"ts":"2025-11-11T14:11:35+00:00","msg":"HTTP request","ctx":{"method":"GET","url":"https://pay.pesapal.com/v3/api/Transactions/GetTransactionStatus?orderTrackingId=7185de07-0181-4f8b-bbb6-db1e5107b80c","code":200}}
{"ts":"2025-11-11T14:11:40+00:00","msg":"HTTP request","ctx":{"method":"GET","url":"https://pay.pesapal.com/v3/api/Transactions/GetTransactionStatus?orderTrackingId=7185de07-0181-4f8b-bbb6-db1e5107b80c","code":200}}
{"ts":"2025-11-11T14:11:44+00:00","msg":"HTTP request","ctx":{"method":"GET","url":"https://pay.pesapal.com/v3/api/Transactions/GetTransactionStatus?orderTrackingId=7185de07-0181-4f8b-bbb6-db1e5107b80c","code":200}}
{"ts":"2025-11-11T14:11:50+00:00","msg":"HTTP request","ctx":{"method":"GET","url":"https://pay.pesapal.com/v3/api/Transactions/GetTransactionStatus?orderTrackingId=7185de07-0181-4f8b-bbb6-db1e5107b80c","code":200}}
{"ts":"2025-11-11T14:11:55+00:00","msg":"HTTP request","ctx":{"method":"GET","url":"https://pay.pesapal.com/v3/api/Transactions/GetTransactionStatus?orderTrackingId=7185de07-0181-4f8b-bbb6-db1e5107b80c","code":200}}
{"ts":"2025-11-11T14:11:59+00:00","msg":"HTTP request","ctx":{"method":"GET","url":"https://pay.pesapal.com/v3/api/Transactions/GetTransactionStatus?orderTrackingId=7185de07-0181-4f8b-bbb6-db1e5107b80c","code":200}}
{"ts":"2025-11-11T14:12:05+00:00","msg":"HTTP request","ctx":{"method":"GET","url":"https://pay.pesapal.com/v3/api/Transactions/GetTransactionStatus?orderTrackingId=7185de07-0181-4f8b-bbb6-db1e5107b80c","code":200}}
{"ts":"2025-11-11T14:12:09+00:00","msg":"HTTP request","ctx":{"method":"GET","url":"https://pay.pesapal.com/v3/api/Transactions/GetTransactionStatus?orderTrackingId=7185de07-0181-4f8b-bbb6-db1e5107b80c","code":200}}
{"ts":"2025-11-11T14:12:15+00:00","msg":"HTTP request","ctx":{"method":"GET","url":"https://pay.pesapal.com/v3/api/Transactions/GetTransactionStatus?orderTrackingId=7185de07-0181-4f8b-bbb6-db1e5107b80c","code":200}}
{"ts":"2025-11-11T14:12:20+00:00","msg":"HTTP request","ctx":{"method":"GET","url":"https://pay.pesapal.com/v3/api/Transactions/GetTransactionStatus?orderTrackingId=7185de07-0181-4f8b-bbb6-db1e5107b80c","code":200}}
{"ts":"2025-11-11T14:12:25+00:00","msg":"HTTP request","ctx":{"method":"POST","url":"https://pay.pesapal.com/v3/api/Auth/RequestToken","code":200}}
{"ts":"2025-11-11T14:12:25+00:00","msg":"HTTP request","ctx":{"method":"GET","url":"https://pay.pesapal.com/v3/api/Transactions/GetTransactionStatus?orderTrackingId=7185de07-0181-4f8b-bbb6-db1e5107b80c","code":200}}
{"ts":"2025-11-11T14:12:29+00:00","msg":"HTTP request","ctx":{"method":"GET","url":"https://pay.pesapal.com/v3/api/Transactions/GetTransactionStatus?orderTrackingId=7185de07-0181-4f8b-bbb6-db1e5107b80c","code":200}}
{"ts":"2025-11-11T14:12:35+00:00","msg":"HTTP request","ctx":{"method":"GET","url":"https://pay.pesapal.com/v3/api/Transactions/GetTransactionStatus?orderTrackingId=7185de07-0181-4f8b-bbb6-db1e5107b80c","code":200}}
{"ts":"2025-11-11T14:12:39+00:00","msg":"HTTP request","ctx":{"method":"GET","url":"https://pay.pesapal.com/v3/api/Transactions/GetTransactionStatus?orderTrackingId=7185de07-0181-4f8b-bbb6-db1e5107b80c","code":200}}
{"ts":"2025-11-11T14:12:44+00:00","msg":"HTTP request","ctx":{"method":"GET","url":"https://pay.pesapal.com/v3/api/Transactions/GetTransactionStatus?orderTrackingId=7185de07-0181-4f8b-bbb6-db1e5107b80c","code":200}}
{"ts":"2025-11-11T14:12:50+00:00","msg":"HTTP request","ctx":{"method":"GET","url":"https://pay.pesapal.com/v3/api/Transactions/GetTransactionStatus?orderTrackingId=7185de07-0181-4f8b-bbb6-db1e5107b80c","code":200}}
{"ts":"2025-11-11T14:12:55+00:00","msg":"HTTP request","ctx":{"method":"GET","url":"https://pay.pesapal.com/v3/api/Transactions/GetTransactionStatus?orderTrackingId=7185de07-0181-4f8b-bbb6-db1e5107b80c","code":200}}
{"ts":"2025-11-11T14:13:00+00:00","msg":"HTTP request","ctx":{"method":"GET","url":"https://pay.pesapal.com/v3/api/Transactions/GetTransactionStatus?orderTrackingId=7185de07-0181-4f8b-bbb6-db1e5107b80c","code":200}}
{"ts":"2025-11-11T14:13:05+00:00","msg":"HTTP request","ctx":{"method":"GET","url":"https://pay.pesapal.com/v3/api/Transactions/GetTransactionStatus?orderTrackingId=7185de07-0181-4f8b-bbb6-db1e5107b80c","code":200}}
{"ts":"2025-11-11T14:13:09+00:00","msg":"HTTP request","ctx":{"method":"GET","url":"https://pay.pesapal.com/v3/api/Transactions/GetTransactionStatus?orderTrackingId=7185de07-0181-4f8b-bbb6-db1e5107b80c","code":200}}
{"ts":"2025-11-11T14:13:14+00:00","msg":"HTTP request","ctx":{"method":"GET","url":"https://pay.pesapal.com/v3/api/Transactions/GetTransactionStatus?orderTrackingId=7185de07-0181-4f8b-bbb6-db1e5107b80c","code":200}}
{"ts":"2025-11-11T14:13:20+00:00","msg":"HTTP request","ctx":{"method":"GET","url":"https://pay.pesapal.com/v3/api/Transactions/GetTransactionStatus?orderTrackingId=7185de07-0181-4f8b-bbb6-db1e5107b80c","code":200}}
{"ts":"2025-11-11T14:13:25+00:00","msg":"HTTP request","ctx":{"method":"GET","url":"https://pay.pesapal.com/v3/api/Transactions/GetTransactionStatus?orderTrackingId=7185de07-0181-4f8b-bbb6-db1e5107b80c","code":200}}
{"ts":"2025-11-11T14:13:30+00:00","msg":"HTTP request","ctx":{"method":"GET","url":"https://pay.pesapal.com/v3/api/Transactions/GetTransactionStatus?orderTrackingId=7185de07-0181-4f8b-bbb6-db1e5107b80c","code":200}}
{"ts":"2025-11-11T14:13:35+00:00","msg":"HTTP request","ctx":{"method":"GET","url":"https://pay.pesapal.com/v3/api/Transactions/GetTransactionStatus?orderTrackingId=7185de07-0181-4f8b-bbb6-db1e5107b80c","code":200}}
{"ts":"2025-11-11T14:13:40+00:00","msg":"HTTP request","ctx":{"method":"GET","url":"https://pay.pesapal.com/v3/api/Transactions/GetTransactionStatus?orderTrackingId=7185de07-0181-4f8b-bbb6-db1e5107b80c","code":200}}
{"ts":"2025-11-11T14:13:45+00:00","msg":"HTTP request","ctx":{"method":"GET","url":"https://pay.pesapal.com/v3/api/Transactions/GetTransactionStatus?orderTrackingId=7185de07-0181-4f8b-bbb6-db1e5107b80c","code":200}}
{"ts":"2025-11-11T14:13:50+00:00","msg":"HTTP request","ctx":{"method":"GET","url":"https://pay.pesapal.com/v3/api/Transactions/GetTransactionStatus?orderTrackingId=7185de07-0181-4f8b-bbb6-db1e5107b80c","code":200}}
{"ts":"2025-11-11T14:13:55+00:00","msg":"HTTP request","ctx":{"method":"GET","url":"https://pay.pesapal.com/v3/api/Transactions/GetTransactionStatus?orderTrackingId=7185de07-0181-4f8b-bbb6-db1e5107b80c","code":200}}
{"ts":"2025-11-11T14:14:00+00:00","msg":"HTTP request","ctx":{"method":"GET","url":"https://pay.pesapal.com/v3/api/Transactions/GetTransactionStatus?orderTrackingId=7185de07-0181-4f8b-bbb6-db1e5107b80c","code":200}}
{"ts":"2025-11-11T14:14:05+00:00","msg":"HTTP request","ctx":{"method":"GET","url":"https://pay.pesapal.com/v3/api/Transactions/GetTransactionStatus?orderTrackingId=7185de07-0181-4f8b-bbb6-db1e5107b80c","code":200}}
{"ts":"2025-11-11T14:14:10+00:00","msg":"HTTP request","ctx":{"method":"GET","url":"https://pay.pesapal.com/v3/api/Transactions/GetTransactionStatus?orderTrackingId=7185de07-0181-4f8b-bbb6-db1e5107b80c","code":200}}
{"ts":"2025-11-13T22:01:37+00:00","msg":"HTTP request","ctx":{"method":"POST","url":"https://pay.pesapal.com/v3/api/Auth/RequestToken","code":200}}
{"ts":"2025-11-13T22:01:37+00:00","msg":"HTTP request","ctx":{"method":"GET","url":"https://pay.pesapal.com/v3/api/URLSetup/GetIpnList","code":200}}
{"ts":"2025-11-13T22:01:38+00:00","msg":"HTTP request","ctx":{"method":"POST","url":"https://pay.pesapal.com/v3/api/Transactions/SubmitOrderRequest","code":200}}
{"ts":"2025-11-13T22:01:43+00:00","msg":"HTTP request","ctx":{"method":"GET","url":"https://pay.pesapal.com/v3/api/Transactions/GetTransactionStatus?orderTrackingId=5fac097d-1ebf-40da-9a6c-db1736006f15","code":200}}
{"ts":"2025-11-13T22:01:47+00:00","msg":"HTTP request","ctx":{"method":"GET","url":"https://pay.pesapal.com/v3/api/Transactions/GetTransactionStatus?orderTrackingId=5fac097d-1ebf-40da-9a6c-db1736006f15","code":200}}
{"ts":"2025-11-13T22:01:51+00:00","msg":"HTTP request","ctx":{"method":"GET","url":"https://pay.pesapal.com/v3/api/Transactions/GetTransactionStatus?orderTrackingId=5fac097d-1ebf-40da-9a6c-db1736006f15","code":200}}
{"ts":"2025-11-13T22:01:56+00:00","msg":"HTTP request","ctx":{"method":"GET","url":"https://pay.pesapal.com/v3/api/Transactions/GetTransactionStatus?orderTrackingId=5fac097d-1ebf-40da-9a6c-db1736006f15","code":200}}
{"ts":"2025-11-13T22:02:00+00:00","msg":"HTTP request","ctx":{"method":"GET","url":"https://pay.pesapal.com/v3/api/Transactions/GetTransactionStatus?orderTrackingId=5fac097d-1ebf-40da-9a6c-db1736006f15","code":200}}
{"ts":"2025-11-13T22:02:04+00:00","msg":"HTTP request","ctx":{"method":"GET","url":"https://pay.pesapal.com/v3/api/Transactions/GetTransactionStatus?orderTrackingId=5fac097d-1ebf-40da-9a6c-db1736006f15","code":200}}
{"ts":"2025-11-13T22:02:09+00:00","msg":"HTTP request","ctx":{"method":"GET","url":"https://pay.pesapal.com/v3/api/Transactions/GetTransactionStatus?orderTrackingId=5fac097d-1ebf-40da-9a6c-db1736006f15","code":200}}
{"ts":"2025-11-13T22:02:13+00:00","msg":"HTTP request","ctx":{"method":"GET","url":"https://pay.pesapal.com/v3/api/Transactions/GetTransactionStatus?orderTrackingId=5fac097d-1ebf-40da-9a6c-db1736006f15","code":200}}
{"ts":"2025-11-13T22:02:18+00:00","msg":"HTTP request","ctx":{"method":"GET","url":"https://pay.pesapal.com/v3/api/Transactions/GetTransactionStatus?orderTrackingId=5fac097d-1ebf-40da-9a6c-db1736006f15","code":200}}
{"ts":"2025-11-13T22:02:22+00:00","msg":"HTTP request","ctx":{"method":"GET","url":"https://pay.pesapal.com/v3/api/Transactions/GetTransactionStatus?orderTrackingId=5fac097d-1ebf-40da-9a6c-db1736006f15","code":200}}
{"ts":"2025-11-13T22:02:27+00:00","msg":"HTTP request","ctx":{"method":"GET","url":"https://pay.pesapal.com/v3/api/Transactions/GetTransactionStatus?orderTrackingId=5fac097d-1ebf-40da-9a6c-db1736006f15","code":200}}
{"ts":"2025-11-16T10:47:33+00:00","msg":"HTTP request","ctx":{"method":"POST","url":"https://pay.pesapal.com/v3/api/Auth/RequestToken","code":200}}
{"ts":"2025-11-16T10:47:34+00:00","msg":"HTTP request","ctx":{"method":"GET","url":"https://pay.pesapal.com/v3/api/URLSetup/GetIpnList","code":200}}
{"ts":"2025-11-16T10:47:34+00:00","msg":"HTTP request","ctx":{"method":"POST","url":"https://pay.pesapal.com/v3/api/Transactions/SubmitOrderRequest","code":200}}
{"ts":"2025-11-16T10:47:39+00:00","msg":"HTTP request","ctx":{"method":"GET","url":"https://pay.pesapal.com/v3/api/Transactions/GetTransactionStatus?orderTrackingId=015df889-18cd-4f24-a846-db1552de42cb","code":200}}
{"ts":"2025-11-16T10:47:43+00:00","msg":"HTTP request","ctx":{"method":"GET","url":"https://pay.pesapal.com/v3/api/Transactions/GetTransactionStatus?orderTrackingId=015df889-18cd-4f24-a846-db1552de42cb","code":200}}
{"ts":"2025-11-16T10:47:48+00:00","msg":"HTTP request","ctx":{"method":"GET","url":"https://pay.pesapal.com/v3/api/Transactions/GetTransactionStatus?orderTrackingId=015df889-18cd-4f24-a846-db1552de42cb","code":200}}
{"ts":"2025-11-16T10:47:52+00:00","msg":"HTTP request","ctx":{"method":"GET","url":"https://pay.pesapal.com/v3/api/Transactions/GetTransactionStatus?orderTrackingId=015df889-18cd-4f24-a846-db1552de42cb","code":200}}
{"ts":"2025-11-16T10:47:57+00:00","msg":"HTTP request","ctx":{"method":"GET","url":"https://pay.pesapal.com/v3/api/Transactions/GetTransactionStatus?orderTrackingId=015df889-18cd-4f24-a846-db1552de42cb","code":200}}
{"ts":"2025-11-16T10:48:01+00:00","msg":"HTTP request","ctx":{"method":"GET","url":"https://pay.pesapal.com/v3/api/Transactions/GetTransactionStatus?orderTrackingId=015df889-18cd-4f24-a846-db1552de42cb","code":200}}
{"ts":"2025-11-16T10:48:05+00:00","msg":"HTTP request","ctx":{"method":"GET","url":"https://pay.pesapal.com/v3/api/Transactions/GetTransactionStatus?orderTrackingId=015df889-18cd-4f24-a846-db1552de42cb","code":200}}
{"ts":"2025-11-16T10:48:10+00:00","msg":"HTTP request","ctx":{"method":"GET","url":"https://pay.pesapal.com/v3/api/Transactions/GetTransactionStatus?orderTrackingId=015df889-18cd-4f24-a846-db1552de42cb","code":200}}
{"ts":"2025-11-16T10:48:14+00:00","msg":"HTTP request","ctx":{"method":"GET","url":"https://pay.pesapal.com/v3/api/Transactions/GetTransactionStatus?orderTrackingId=015df889-18cd-4f24-a846-db1552de42cb","code":200}}
{"ts":"2025-11-16T10:48:18+00:00","msg":"HTTP request","ctx":{"method":"GET","url":"https://pay.pesapal.com/v3/api/Transactions/GetTransactionStatus?orderTrackingId=015df889-18cd-4f24-a846-db1552de42cb","code":200}}
{"ts":"2025-11-16T10:48:23+00:00","msg":"HTTP request","ctx":{"method":"GET","url":"https://pay.pesapal.com/v3/api/Transactions/GetTransactionStatus?orderTrackingId=015df889-18cd-4f24-a846-db1552de42cb","code":200}}
{"ts":"2025-11-16T10:48:28+00:00","msg":"HTTP request","ctx":{"method":"GET","url":"https://pay.pesapal.com/v3/api/Transactions/GetTransactionStatus?orderTrackingId=015df889-18cd-4f24-a846-db1552de42cb","code":200}}
{"ts":"2025-11-16T10:48:32+00:00","msg":"HTTP request","ctx":{"method":"GET","url":"https://pay.pesapal.com/v3/api/Transactions/GetTransactionStatus?orderTrackingId=015df889-18cd-4f24-a846-db1552de42cb","code":200}}
{"ts":"2025-11-16T10:48:37+00:00","msg":"HTTP request","ctx":{"method":"GET","url":"https://pay.pesapal.com/v3/api/Transactions/GetTransactionStatus?orderTrackingId=015df889-18cd-4f24-a846-db1552de42cb","code":200}}
{"ts":"2025-11-16T10:48:41+00:00","msg":"HTTP request","ctx":{"method":"GET","url":"https://pay.pesapal.com/v3/api/Transactions/GetTransactionStatus?orderTrackingId=015df889-18cd-4f24-a846-db1552de42cb","code":200}}
{"ts":"2025-11-16T10:48:45+00:00","msg":"HTTP request","ctx":{"method":"GET","url":"https://pay.pesapal.com/v3/api/Transactions/GetTransactionStatus?orderTrackingId=015df889-18cd-4f24-a846-db1552de42cb","code":200}}
{"ts":"2025-11-16T10:48:50+00:00","msg":"HTTP request","ctx":{"method":"GET","url":"https://pay.pesapal.com/v3/api/Transactions/GetTransactionStatus?orderTrackingId=015df889-18cd-4f24-a846-db1552de42cb","code":200}}
{"ts":"2025-11-16T10:48:54+00:00","msg":"HTTP request","ctx":{"method":"GET","url":"https://pay.pesapal.com/v3/api/Transactions/GetTransactionStatus?orderTrackingId=015df889-18cd-4f24-a846-db1552de42cb","code":200}}
{"ts":"2025-11-16T10:48:58+00:00","msg":"HTTP request","ctx":{"method":"GET","url":"https://pay.pesapal.com/v3/api/Transactions/GetTransactionStatus?orderTrackingId=015df889-18cd-4f24-a846-db1552de42cb","code":200}}
{"ts":"2025-11-16T10:49:03+00:00","msg":"HTTP request","ctx":{"method":"GET","url":"https://pay.pesapal.com/v3/api/Transactions/GetTransactionStatus?orderTrackingId=015df889-18cd-4f24-a846-db1552de42cb","code":200}}
{"ts":"2025-11-16T10:49:07+00:00","msg":"HTTP request","ctx":{"method":"GET","url":"https://pay.pesapal.com/v3/api/Transactions/GetTransactionStatus?orderTrackingId=015df889-18cd-4f24-a846-db1552de42cb","code":200}}
{"ts":"2025-11-16T10:49:11+00:00","msg":"HTTP request","ctx":{"method":"GET","url":"https://pay.pesapal.com/v3/api/Transactions/GetTransactionStatus?orderTrackingId=015df889-18cd-4f24-a846-db1552de42cb","code":200}}
{"ts":"2025-11-16T10:49:16+00:00","msg":"HTTP request","ctx":{"method":"GET","url":"https://pay.pesapal.com/v3/api/Transactions/GetTransactionStatus?orderTrackingId=015df889-18cd-4f24-a846-db1552de42cb","code":200}}
{"ts":"2025-11-16T10:49:20+00:00","msg":"HTTP request","ctx":{"method":"GET","url":"https://pay.pesapal.com/v3/api/Transactions/GetTransactionStatus?orderTrackingId=015df889-18cd-4f24-a846-db1552de42cb","code":200}}
{"ts":"2025-11-16T10:49:25+00:00","msg":"HTTP request","ctx":{"method":"GET","url":"https://pay.pesapal.com/v3/api/Transactions/GetTransactionStatus?orderTrackingId=015df889-18cd-4f24-a846-db1552de42cb","code":200}}
{"ts":"2025-11-16T10:49:37+00:00","msg":"HTTP request","ctx":{"method":"GET","url":"https://pay.pesapal.com/v3/api/URLSetup/GetIpnList","code":200}}
{"ts":"2025-11-16T10:49:37+00:00","msg":"HTTP request","ctx":{"method":"POST","url":"https://pay.pesapal.com/v3/api/Transactions/SubmitOrderRequest","code":200}}
{"ts":"2025-11-16T10:49:42+00:00","msg":"HTTP request","ctx":{"method":"GET","url":"https://pay.pesapal.com/v3/api/Transactions/GetTransactionStatus?orderTrackingId=015df889-18cd-4f24-a846-db1552de42cb","code":200}}
{"ts":"2025-11-16T10:49:46+00:00","msg":"HTTP request","ctx":{"method":"GET","url":"https://pay.pesapal.com/v3/api/Transactions/GetTransactionStatus?orderTrackingId=015df889-18cd-4f24-a846-db1552de42cb","code":200}}
{"ts":"2025-11-16T10:49:50+00:00","msg":"HTTP request","ctx":{"method":"GET","url":"https://pay.pesapal.com/v3/api/Transactions/GetTransactionStatus?orderTrackingId=015df889-18cd-4f24-a846-db1552de42cb","code":200}}
{"ts":"2025-11-16T10:49:55+00:00","msg":"HTTP request","ctx":{"method":"GET","url":"https://pay.pesapal.com/v3/api/Transactions/GetTransactionStatus?orderTrackingId=015df889-18cd-4f24-a846-db1552de42cb","code":200}}
{"ts":"2025-11-16T10:49:59+00:00","msg":"HTTP request","ctx":{"method":"GET","url":"https://pay.pesapal.com/v3/api/Transactions/GetTransactionStatus?orderTrackingId=015df889-18cd-4f24-a846-db1552de42cb","code":200}}
{"ts":"2025-11-16T10:50:03+00:00","msg":"HTTP request","ctx":{"method":"GET","url":"https://pay.pesapal.com/v3/api/Transactions/GetTransactionStatus?orderTrackingId=015df889-18cd-4f24-a846-db1552de42cb","code":200}}
{"ts":"2025-11-16T10:50:08+00:00","msg":"HTTP request","ctx":{"method":"GET","url":"https://pay.pesapal.com/v3/api/Transactions/GetTransactionStatus?orderTrackingId=015df889-18cd-4f24-a846-db1552de42cb","code":200}}
{"ts":"2025-11-16T10:50:12+00:00","msg":"HTTP request","ctx":{"method":"GET","url":"https://pay.pesapal.com/v3/api/Transactions/GetTransactionStatus?orderTrackingId=015df889-18cd-4f24-a846-db1552de42cb","code":200}}
{"ts":"2025-11-16T10:50:16+00:00","msg":"HTTP request","ctx":{"method":"GET","url":"https://pay.pesapal.com/v3/api/Transactions/GetTransactionStatus?orderTrackingId=015df889-18cd-4f24-a846-db1552de42cb","code":200}}
{"ts":"2025-11-16T10:50:31+00:00","msg":"HTTP request","ctx":{"method":"GET","url":"https://pay.pesapal.com/v3/api/URLSetup/GetIpnList","code":200}}
{"ts":"2025-11-16T10:50:31+00:00","msg":"HTTP request","ctx":{"method":"POST","url":"https://pay.pesapal.com/v3/api/Transactions/SubmitOrderRequest","code":200}}
{"ts":"2025-11-16T10:50:36+00:00","msg":"HTTP request","ctx":{"method":"GET","url":"https://pay.pesapal.com/v3/api/Transactions/GetTransactionStatus?orderTrackingId=015df889-18cd-4f24-a846-db1552de42cb","code":200}}
{"ts":"2025-11-16T10:50:40+00:00","msg":"HTTP request","ctx":{"method":"GET","url":"https://pay.pesapal.com/v3/api/Transactions/GetTransactionStatus?orderTrackingId=015df889-18cd-4f24-a846-db1552de42cb","code":200}}
{"ts":"2025-11-16T10:50:44+00:00","msg":"HTTP request","ctx":{"method":"GET","url":"https://pay.pesapal.com/v3/api/Transactions/GetTransactionStatus?orderTrackingId=015df889-18cd-4f24-a846-db1552de42cb","code":200}}
{"ts":"2025-11-16T10:50:49+00:00","msg":"HTTP request","ctx":{"method":"GET","url":"https://pay.pesapal.com/v3/api/Transactions/GetTransactionStatus?orderTrackingId=015df889-18cd-4f24-a846-db1552de42cb","code":200}}
{"ts":"2025-11-16T10:50:53+00:00","msg":"HTTP request","ctx":{"method":"GET","url":"https://pay.pesapal.com/v3/api/Transactions/GetTransactionStatus?orderTrackingId=015df889-18cd-4f24-a846-db1552de42cb","code":200}}
{"ts":"2025-11-16T10:50:58+00:00","msg":"HTTP request","ctx":{"method":"GET","url":"https://pay.pesapal.com/v3/api/Transactions/GetTransactionStatus?orderTrackingId=015df889-18cd-4f24-a846-db1552de42cb","code":200}}
{"ts":"2025-11-16T10:51:02+00:00","msg":"HTTP request","ctx":{"method":"GET","url":"https://pay.pesapal.com/v3/api/Transactions/GetTransactionStatus?orderTrackingId=015df889-18cd-4f24-a846-db1552de42cb","code":200}}
{"ts":"2025-11-16T10:51:06+00:00","msg":"HTTP request","ctx":{"method":"GET","url":"https://pay.pesapal.com/v3/api/Transactions/GetTransactionStatus?orderTrackingId=015df889-18cd-4f24-a846-db1552de42cb","code":200}}
{"ts":"2025-11-16T10:51:11+00:00","msg":"HTTP request","ctx":{"method":"GET","url":"https://pay.pesapal.com/v3/api/Transactions/GetTransactionStatus?orderTrackingId=015df889-18cd-4f24-a846-db1552de42cb","code":200}}
{"ts":"2025-11-16T10:51:15+00:00","msg":"HTTP request","ctx":{"method":"GET","url":"https://pay.pesapal.com/v3/api/Transactions/GetTransactionStatus?orderTrackingId=015df889-18cd-4f24-a846-db1552de42cb","code":200}}
{"ts":"2025-11-16T10:51:19+00:00","msg":"HTTP request","ctx":{"method":"GET","url":"https://pay.pesapal.com/v3/api/Transactions/GetTransactionStatus?orderTrackingId=015df889-18cd-4f24-a846-db1552de42cb","code":200}}
{"ts":"2025-11-16T10:51:24+00:00","msg":"HTTP request","ctx":{"method":"GET","url":"https://pay.pesapal.com/v3/api/Transactions/GetTransactionStatus?orderTrackingId=015df889-18cd-4f24-a846-db1552de42cb","code":200}}
{"ts":"2025-11-16T10:51:28+00:00","msg":"HTTP request","ctx":{"method":"GET","url":"https://pay.pesapal.com/v3/api/Transactions/GetTransactionStatus?orderTrackingId=015df889-18cd-4f24-a846-db1552de42cb","code":200}}
{"ts":"2025-11-16T10:51:32+00:00","msg":"HTTP request","ctx":{"method":"GET","url":"https://pay.pesapal.com/v3/api/Transactions/GetTransactionStatus?orderTrackingId=015df889-18cd-4f24-a846-db1552de42cb","code":200}}
{"ts":"2025-11-16T10:51:37+00:00","msg":"HTTP request","ctx":{"method":"GET","url":"https://pay.pesapal.com/v3/api/Transactions/GetTransactionStatus?orderTrackingId=015df889-18cd-4f24-a846-db1552de42cb","code":200}}
{"ts":"2025-11-16T10:51:41+00:00","msg":"HTTP request","ctx":{"method":"GET","url":"https://pay.pesapal.com/v3/api/Transactions/GetTransactionStatus?orderTrackingId=015df889-18cd-4f24-a846-db1552de42cb","code":200}}
{"ts":"2025-11-16T10:51:45+00:00","msg":"HTTP request","ctx":{"method":"GET","url":"https://pay.pesapal.com/v3/api/Transactions/GetTransactionStatus?orderTrackingId=015df889-18cd-4f24-a846-db1552de42cb","code":200}}
{"ts":"2025-11-16T10:51:50+00:00","msg":"HTTP request","ctx":{"method":"GET","url":"https://pay.pesapal.com/v3/api/Transactions/GetTransactionStatus?orderTrackingId=015df889-18cd-4f24-a846-db1552de42cb","code":200}}
{"ts":"2025-11-16T10:51:54+00:00","msg":"HTTP request","ctx":{"method":"GET","url":"https://pay.pesapal.com/v3/api/Transactions/GetTransactionStatus?orderTrackingId=015df889-18cd-4f24-a846-db1552de42cb","code":200}}
{"ts":"2025-11-16T10:51:59+00:00","msg":"HTTP request","ctx":{"method":"GET","url":"https://pay.pesapal.com/v3/api/Transactions/GetTransactionStatus?orderTrackingId=015df889-18cd-4f24-a846-db1552de42cb","code":200}}
{"ts":"2025-11-16T10:52:03+00:00","msg":"HTTP request","ctx":{"method":"GET","url":"https://pay.pesapal.com/v3/api/Transactions/GetTransactionStatus?orderTrackingId=015df889-18cd-4f24-a846-db1552de42cb","code":200}}
{"ts":"2025-11-16T10:52:07+00:00","msg":"HTTP request","ctx":{"method":"GET","url":"https://pay.pesapal.com/v3/api/Transactions/GetTransactionStatus?orderTrackingId=015df889-18cd-4f24-a846-db1552de42cb","code":200}}
{"ts":"2025-11-16T10:52:11+00:00","msg":"HTTP request","ctx":{"method":"GET","url":"https://pay.pesapal.com/v3/api/URLSetup/GetIpnList","code":200}}
{"ts":"2025-11-16T10:52:11+00:00","msg":"HTTP request","ctx":{"method":"POST","url":"https://pay.pesapal.com/v3/api/Transactions/SubmitOrderRequest","code":200}}
{"ts":"2025-11-16T10:52:16+00:00","msg":"HTTP request","ctx":{"method":"GET","url":"https://pay.pesapal.com/v3/api/Transactions/GetTransactionStatus?orderTrackingId=015df889-18cd-4f24-a846-db1552de42cb","code":200}}
{"ts":"2025-11-16T10:52:21+00:00","msg":"HTTP request","ctx":{"method":"POST","url":"https://pay.pesapal.com/v3/api/Auth/RequestToken","code":200}}
{"ts":"2025-11-16T10:52:21+00:00","msg":"HTTP request","ctx":{"method":"GET","url":"https://pay.pesapal.com/v3/api/Transactions/GetTransactionStatus?orderTrackingId=015df889-18cd-4f24-a846-db1552de42cb","code":200}}
{"ts":"2025-11-16T10:52:25+00:00","msg":"HTTP request","ctx":{"method":"GET","url":"https://pay.pesapal.com/v3/api/Transactions/GetTransactionStatus?orderTrackingId=015df889-18cd-4f24-a846-db1552de42cb","code":200}}
{"ts":"2025-11-16T10:52:30+00:00","msg":"HTTP request","ctx":{"method":"GET","url":"https://pay.pesapal.com/v3/api/Transactions/GetTransactionStatus?orderTrackingId=015df889-18cd-4f24-a846-db1552de42cb","code":200}}
{"ts":"2025-11-16T10:52:34+00:00","msg":"HTTP request","ctx":{"method":"GET","url":"https://pay.pesapal.com/v3/api/Transactions/GetTransactionStatus?orderTrackingId=015df889-18cd-4f24-a846-db1552de42cb","code":200}}
{"ts":"2025-11-16T10:52:39+00:00","msg":"HTTP request","ctx":{"method":"GET","url":"https://pay.pesapal.com/v3/api/Transactions/GetTransactionStatus?orderTrackingId=015df889-18cd-4f24-a846-db1552de42cb","code":200}}
{"ts":"2025-11-16T10:52:43+00:00","msg":"HTTP request","ctx":{"method":"GET","url":"https://pay.pesapal.com/v3/api/Transactions/GetTransactionStatus?orderTrackingId=015df889-18cd-4f24-a846-db1552de42cb","code":200}}
{"ts":"2025-11-16T10:52:47+00:00","msg":"HTTP request","ctx":{"method":"GET","url":"https://pay.pesapal.com/v3/api/Transactions/GetTransactionStatus?orderTrackingId=015df889-18cd-4f24-a846-db1552de42cb","code":200}}
{"ts":"2025-11-16T10:52:52+00:00","msg":"HTTP request","ctx":{"method":"GET","url":"https://pay.pesapal.com/v3/api/Transactions/GetTransactionStatus?orderTrackingId=015df889-18cd-4f24-a846-db1552de42cb","code":200}}
{"ts":"2025-11-16T10:52:56+00:00","msg":"HTTP request","ctx":{"method":"GET","url":"https://pay.pesapal.com/v3/api/Transactions/GetTransactionStatus?orderTrackingId=015df889-18cd-4f24-a846-db1552de42cb","code":200}}
{"ts":"2025-11-16T10:53:01+00:00","msg":"HTTP request","ctx":{"method":"GET","url":"https://pay.pesapal.com/v3/api/Transactions/GetTransactionStatus?orderTrackingId=015df889-18cd-4f24-a846-db1552de42cb","code":200}}
{"ts":"2025-11-16T10:53:05+00:00","msg":"HTTP request","ctx":{"method":"GET","url":"https://pay.pesapal.com/v3/api/Transactions/GetTransactionStatus?orderTrackingId=015df889-18cd-4f24-a846-db1552de42cb","code":200}}
{"ts":"2025-11-16T10:53:09+00:00","msg":"HTTP request","ctx":{"method":"GET","url":"https://pay.pesapal.com/v3/api/Transactions/GetTransactionStatus?orderTrackingId=015df889-18cd-4f24-a846-db1552de42cb","code":200}}
{"ts":"2025-11-16T10:53:14+00:00","msg":"HTTP request","ctx":{"method":"GET","url":"https://pay.pesapal.com/v3/api/Transactions/GetTransactionStatus?orderTrackingId=015df889-18cd-4f24-a846-db1552de42cb","code":200}}
{"ts":"2025-11-16T10:53:18+00:00","msg":"HTTP request","ctx":{"method":"GET","url":"https://pay.pesapal.com/v3/api/Transactions/GetTransactionStatus?orderTrackingId=015df889-18cd-4f24-a846-db1552de42cb","code":200}}
{"ts":"2025-11-16T10:53:22+00:00","msg":"HTTP request","ctx":{"method":"GET","url":"https://pay.pesapal.com/v3/api/Transactions/GetTransactionStatus?orderTrackingId=015df889-18cd-4f24-a846-db1552de42cb","code":200}}
{"ts":"2025-11-16T10:53:27+00:00","msg":"HTTP request","ctx":{"method":"GET","url":"https://pay.pesapal.com/v3/api/Transactions/GetTransactionStatus?orderTrackingId=015df889-18cd-4f24-a846-db1552de42cb","code":200}}
{"ts":"2025-11-16T10:53:31+00:00","msg":"HTTP request","ctx":{"method":"GET","url":"https://pay.pesapal.com/v3/api/Transactions/GetTransactionStatus?orderTrackingId=015df889-18cd-4f24-a846-db1552de42cb","code":200}}
{"ts":"2025-11-16T10:53:35+00:00","msg":"HTTP request","ctx":{"method":"GET","url":"https://pay.pesapal.com/v3/api/Transactions/GetTransactionStatus?orderTrackingId=015df889-18cd-4f24-a846-db1552de42cb","code":200}}
{"ts":"2025-11-16T10:53:40+00:00","msg":"HTTP request","ctx":{"method":"GET","url":"https://pay.pesapal.com/v3/api/URLSetup/GetIpnList","code":200}}
{"ts":"2025-11-16T10:53:40+00:00","msg":"HTTP request","ctx":{"method":"POST","url":"https://pay.pesapal.com/v3/api/Transactions/SubmitOrderRequest","code":200}}
{"ts":"2025-11-16T10:53:44+00:00","msg":"HTTP request","ctx":{"method":"GET","url":"https://pay.pesapal.com/v3/api/Transactions/GetTransactionStatus?orderTrackingId=015df889-18cd-4f24-a846-db1552de42cb","code":200}}
{"ts":"2025-11-16T10:53:49+00:00","msg":"HTTP request","ctx":{"method":"GET","url":"https://pay.pesapal.com/v3/api/Transactions/GetTransactionStatus?orderTrackingId=015df889-18cd-4f24-a846-db1552de42cb","code":200}}
{"ts":"2025-11-16T10:53:53+00:00","msg":"HTTP request","ctx":{"method":"GET","url":"https://pay.pesapal.com/v3/api/Transactions/GetTransactionStatus?orderTrackingId=015df889-18cd-4f24-a846-db1552de42cb","code":200}}
{"ts":"2025-11-16T10:53:57+00:00","msg":"HTTP request","ctx":{"method":"GET","url":"https://pay.pesapal.com/v3/api/Transactions/GetTransactionStatus?orderTrackingId=015df889-18cd-4f24-a846-db1552de42cb","code":200}}
{"ts":"2025-11-16T10:54:02+00:00","msg":"HTTP request","ctx":{"method":"GET","url":"https://pay.pesapal.com/v3/api/Transactions/GetTransactionStatus?orderTrackingId=015df889-18cd-4f24-a846-db1552de42cb","code":200}}
{"ts":"2025-11-16T10:54:06+00:00","msg":"HTTP request","ctx":{"method":"GET","url":"https://pay.pesapal.com/v3/api/Transactions/GetTransactionStatus?orderTrackingId=015df889-18cd-4f24-a846-db1552de42cb","code":200}}
{"ts":"2025-11-16T10:56:49+00:00","msg":"HTTP request","ctx":{"method":"GET","url":"https://pay.pesapal.com/v3/api/URLSetup/GetIpnList","code":200}}
{"ts":"2025-11-16T10:56:49+00:00","msg":"HTTP request","ctx":{"method":"POST","url":"https://pay.pesapal.com/v3/api/Transactions/SubmitOrderRequest","code":200}}
{"ts":"2025-11-16T10:56:54+00:00","msg":"HTTP request","ctx":{"method":"GET","url":"https://pay.pesapal.com/v3/api/Transactions/GetTransactionStatus?orderTrackingId=015df889-18cd-4f24-a846-db1552de42cb","code":200}}
{"ts":"2025-11-16T10:56:59+00:00","msg":"HTTP request","ctx":{"method":"GET","url":"https://pay.pesapal.com/v3/api/Transactions/GetTransactionStatus?orderTrackingId=015df889-18cd-4f24-a846-db1552de42cb","code":200}}
{"ts":"2025-11-16T10:57:03+00:00","msg":"HTTP request","ctx":{"method":"GET","url":"https://pay.pesapal.com/v3/api/Transactions/GetTransactionStatus?orderTrackingId=015df889-18cd-4f24-a846-db1552de42cb","code":200}}
{"ts":"2025-11-16T10:57:08+00:00","msg":"HTTP request","ctx":{"method":"POST","url":"https://pay.pesapal.com/v3/api/Auth/RequestToken","code":200}}
{"ts":"2025-11-16T10:57:08+00:00","msg":"HTTP request","ctx":{"method":"GET","url":"https://pay.pesapal.com/v3/api/Transactions/GetTransactionStatus?orderTrackingId=015df889-18cd-4f24-a846-db1552de42cb","code":200}}
{"ts":"2025-11-16T10:57:12+00:00","msg":"HTTP request","ctx":{"method":"GET","url":"https://pay.pesapal.com/v3/api/Transactions/GetTransactionStatus?orderTrackingId=015df889-18cd-4f24-a846-db1552de42cb","code":200}}
{"ts":"2025-11-16T10:57:16+00:00","msg":"HTTP request","ctx":{"method":"GET","url":"https://pay.pesapal.com/v3/api/Transactions/GetTransactionStatus?orderTrackingId=015df889-18cd-4f24-a846-db1552de42cb","code":200}}
{"ts":"2025-11-16T10:57:21+00:00","msg":"HTTP request","ctx":{"method":"GET","url":"https://pay.pesapal.com/v3/api/Transactions/GetTransactionStatus?orderTrackingId=015df889-18cd-4f24-a846-db1552de42cb","code":200}}
{"ts":"2025-11-16T10:57:25+00:00","msg":"HTTP request","ctx":{"method":"GET","url":"https://pay.pesapal.com/v3/api/Transactions/GetTransactionStatus?orderTrackingId=015df889-18cd-4f24-a846-db1552de42cb","code":200}}
{"ts":"2025-11-16T10:57:47+00:00","msg":"HTTP request","ctx":{"method":"GET","url":"https://pay.pesapal.com/v3/api/URLSetup/GetIpnList","code":200}}
{"ts":"2025-11-16T10:57:47+00:00","msg":"HTTP request","ctx":{"method":"POST","url":"https://pay.pesapal.com/v3/api/Transactions/SubmitOrderRequest","code":200}}
{"ts":"2025-11-16T10:57:51+00:00","msg":"HTTP request","ctx":{"method":"GET","url":"https://pay.pesapal.com/v3/api/Transactions/GetTransactionStatus?orderTrackingId=015df889-18cd-4f24-a846-db1552de42cb","code":200}}
{"ts":"2025-11-16T10:58:34+00:00","msg":"HTTP request","ctx":{"method":"GET","url":"https://pay.pesapal.com/v3/api/URLSetup/GetIpnList","code":200}}
{"ts":"2025-11-16T10:58:34+00:00","msg":"HTTP request","ctx":{"method":"POST","url":"https://pay.pesapal.com/v3/api/Transactions/SubmitOrderRequest","code":200}}
{"ts":"2025-11-16T10:58:39+00:00","msg":"HTTP request","ctx":{"method":"GET","url":"https://pay.pesapal.com/v3/api/Transactions/GetTransactionStatus?orderTrackingId=015df889-18cd-4f24-a846-db1552de42cb","code":200}}
{"ts":"2025-11-16T10:58:43+00:00","msg":"HTTP request","ctx":{"method":"GET","url":"https://pay.pesapal.com/v3/api/Transactions/GetTransactionStatus?orderTrackingId=015df889-18cd-4f24-a846-db1552de42cb","code":200}}
{"ts":"2025-11-16T10:58:47+00:00","msg":"HTTP request","ctx":{"method":"GET","url":"https://pay.pesapal.com/v3/api/Transactions/GetTransactionStatus?orderTrackingId=015df889-18cd-4f24-a846-db1552de42cb","code":200}}
{"ts":"2025-11-16T10:58:52+00:00","msg":"HTTP request","ctx":{"method":"GET","url":"https://pay.pesapal.com/v3/api/Transactions/GetTransactionStatus?orderTrackingId=015df889-18cd-4f24-a846-db1552de42cb","code":200}}
{"ts":"2025-11-16T10:58:56+00:00","msg":"HTTP request","ctx":{"method":"GET","url":"https://pay.pesapal.com/v3/api/Transactions/GetTransactionStatus?orderTrackingId=015df889-18cd-4f24-a846-db1552de42cb","code":200}}
{"ts":"2025-11-16T10:59:00+00:00","msg":"HTTP request","ctx":{"method":"GET","url":"https://pay.pesapal.com/v3/api/Transactions/GetTransactionStatus?orderTrackingId=015df889-18cd-4f24-a846-db1552de42cb","code":200}}
{"ts":"2025-11-16T10:59:05+00:00","msg":"HTTP request","ctx":{"method":"GET","url":"https://pay.pesapal.com/v3/api/Transactions/GetTransactionStatus?orderTrackingId=015df889-18cd-4f24-a846-db1552de42cb","code":200}}
{"ts":"2025-11-16T10:59:09+00:00","msg":"HTTP request","ctx":{"method":"GET","url":"https://pay.pesapal.com/v3/api/Transactions/GetTransactionStatus?orderTrackingId=015df889-18cd-4f24-a846-db1552de42cb","code":200}}
{"ts":"2025-11-16T10:59:13+00:00","msg":"HTTP request","ctx":{"method":"GET","url":"https://pay.pesapal.com/v3/api/Transactions/GetTransactionStatus?orderTrackingId=015df889-18cd-4f24-a846-db1552de42cb","code":200}}
{"ts":"2025-11-16T10:59:18+00:00","msg":"HTTP request","ctx":{"method":"GET","url":"https://pay.pesapal.com/v3/api/Transactions/GetTransactionStatus?orderTrackingId=015df889-18cd-4f24-a846-db1552de42cb","code":200}}
{"ts":"2025-11-16T10:59:22+00:00","msg":"HTTP request","ctx":{"method":"GET","url":"https://pay.pesapal.com/v3/api/Transactions/GetTransactionStatus?orderTrackingId=015df889-18cd-4f24-a846-db1552de42cb","code":200}}
{"ts":"2025-11-16T10:59:26+00:00","msg":"HTTP request","ctx":{"method":"GET","url":"https://pay.pesapal.com/v3/api/Transactions/GetTransactionStatus?orderTrackingId=015df889-18cd-4f24-a846-db1552de42cb","code":200}}
{"ts":"2025-11-16T10:59:31+00:00","msg":"HTTP request","ctx":{"method":"GET","url":"https://pay.pesapal.com/v3/api/Transactions/GetTransactionStatus?orderTrackingId=015df889-18cd-4f24-a846-db1552de42cb","code":200}}
{"ts":"2025-11-16T10:59:35+00:00","msg":"HTTP request","ctx":{"method":"GET","url":"https://pay.pesapal.com/v3/api/Transactions/GetTransactionStatus?orderTrackingId=015df889-18cd-4f24-a846-db1552de42cb","code":200}}
{"ts":"2025-11-16T10:59:39+00:00","msg":"HTTP request","ctx":{"method":"GET","url":"https://pay.pesapal.com/v3/api/Transactions/GetTransactionStatus?orderTrackingId=015df889-18cd-4f24-a846-db1552de42cb","code":200}}
{"ts":"2025-11-16T10:59:44+00:00","msg":"HTTP request","ctx":{"method":"GET","url":"https://pay.pesapal.com/v3/api/Transactions/GetTransactionStatus?orderTrackingId=015df889-18cd-4f24-a846-db1552de42cb","code":200}}
{"ts":"2025-11-16T10:59:48+00:00","msg":"HTTP request","ctx":{"method":"GET","url":"https://pay.pesapal.com/v3/api/Transactions/GetTransactionStatus?orderTrackingId=015df889-18cd-4f24-a846-db1552de42cb","code":200}}
{"ts":"2025-11-16T10:59:53+00:00","msg":"HTTP request","ctx":{"method":"GET","url":"https://pay.pesapal.com/v3/api/Transactions/GetTransactionStatus?orderTrackingId=015df889-18cd-4f24-a846-db1552de42cb","code":200}}
{"ts":"2025-11-16T10:59:57+00:00","msg":"HTTP request","ctx":{"method":"GET","url":"https://pay.pesapal.com/v3/api/Transactions/GetTransactionStatus?orderTrackingId=015df889-18cd-4f24-a846-db1552de42cb","code":200}}
{"ts":"2025-11-16T11:00:01+00:00","msg":"HTTP request","ctx":{"method":"GET","url":"https://pay.pesapal.com/v3/api/Transactions/GetTransactionStatus?orderTrackingId=015df889-18cd-4f24-a846-db1552de42cb","code":200}}
{"ts":"2025-11-16T11:00:06+00:00","msg":"HTTP request","ctx":{"method":"GET","url":"https://pay.pesapal.com/v3/api/Transactions/GetTransactionStatus?orderTrackingId=015df889-18cd-4f24-a846-db1552de42cb","code":200}}
{"ts":"2025-11-16T11:00:10+00:00","msg":"HTTP request","ctx":{"method":"GET","url":"https://pay.pesapal.com/v3/api/Transactions/GetTransactionStatus?orderTrackingId=015df889-18cd-4f24-a846-db1552de42cb","code":200}}
{"ts":"2025-11-16T11:00:14+00:00","msg":"HTTP request","ctx":{"method":"GET","url":"https://pay.pesapal.com/v3/api/Transactions/GetTransactionStatus?orderTrackingId=015df889-18cd-4f24-a846-db1552de42cb","code":200}}
{"ts":"2025-11-16T11:00:19+00:00","msg":"HTTP request","ctx":{"method":"GET","url":"https://pay.pesapal.com/v3/api/Transactions/GetTransactionStatus?orderTrackingId=015df889-18cd-4f24-a846-db1552de42cb","code":200}}
{"ts":"2025-11-16T11:00:23+00:00","msg":"HTTP request","ctx":{"method":"GET","url":"https://pay.pesapal.com/v3/api/Transactions/GetTransactionStatus?orderTrackingId=015df889-18cd-4f24-a846-db1552de42cb","code":200}}
{"ts":"2025-11-16T11:00:27+00:00","msg":"HTTP request","ctx":{"method":"GET","url":"https://pay.pesapal.com/v3/api/Transactions/GetTransactionStatus?orderTrackingId=015df889-18cd-4f24-a846-db1552de42cb","code":200}}
{"ts":"2025-11-16T11:00:32+00:00","msg":"HTTP request","ctx":{"method":"GET","url":"https://pay.pesapal.com/v3/api/Transactions/GetTransactionStatus?orderTrackingId=015df889-18cd-4f24-a846-db1552de42cb","code":200}}
{"ts":"2025-11-16T11:00:36+00:00","msg":"HTTP request","ctx":{"method":"GET","url":"https://pay.pesapal.com/v3/api/Transactions/GetTransactionStatus?orderTrackingId=015df889-18cd-4f24-a846-db1552de42cb","code":200}}
{"ts":"2025-11-16T11:00:41+00:00","msg":"HTTP request","ctx":{"method":"GET","url":"https://pay.pesapal.com/v3/api/Transactions/GetTransactionStatus?orderTrackingId=015df889-18cd-4f24-a846-db1552de42cb","code":200}}
{"ts":"2025-11-16T11:00:45+00:00","msg":"HTTP request","ctx":{"method":"GET","url":"https://pay.pesapal.com/v3/api/Transactions/GetTransactionStatus?orderTrackingId=015df889-18cd-4f24-a846-db1552de42cb","code":200}}
{"ts":"2025-11-16T11:00:49+00:00","msg":"HTTP request","ctx":{"method":"GET","url":"https://pay.pesapal.com/v3/api/Transactions/GetTransactionStatus?orderTrackingId=015df889-18cd-4f24-a846-db1552de42cb","code":200}}
{"ts":"2025-11-16T11:00:54+00:00","msg":"HTTP request","ctx":{"method":"GET","url":"https://pay.pesapal.com/v3/api/Transactions/GetTransactionStatus?orderTrackingId=015df889-18cd-4f24-a846-db1552de42cb","code":200}}
{"ts":"2025-11-16T11:00:58+00:00","msg":"HTTP request","ctx":{"method":"GET","url":"https://pay.pesapal.com/v3/api/Transactions/GetTransactionStatus?orderTrackingId=015df889-18cd-4f24-a846-db1552de42cb","code":200}}
{"ts":"2025-11-16T11:01:02+00:00","msg":"HTTP request","ctx":{"method":"GET","url":"https://pay.pesapal.com/v3/api/Transactions/GetTransactionStatus?orderTrackingId=015df889-18cd-4f24-a846-db1552de42cb","code":200}}
{"ts":"2025-11-16T11:01:07+00:00","msg":"HTTP request","ctx":{"method":"GET","url":"https://pay.pesapal.com/v3/api/Transactions/GetTransactionStatus?orderTrackingId=015df889-18cd-4f24-a846-db1552de42cb","code":200}}
{"ts":"2025-11-18T12:33:17+00:00","msg":"HTTP request","ctx":{"method":"POST","url":"https://pay.pesapal.com/v3/api/Auth/RequestToken","code":200}}
{"ts":"2025-11-18T12:33:17+00:00","msg":"HTTP request","ctx":{"method":"GET","url":"https://pay.pesapal.com/v3/api/URLSetup/GetIpnList","code":200}}
{"ts":"2025-11-18T12:33:18+00:00","msg":"HTTP request","ctx":{"method":"POST","url":"https://pay.pesapal.com/v3/api/Transactions/SubmitOrderRequest","code":200}}
{"ts":"2025-11-18T12:33:36+00:00","msg":"HTTP request","ctx":{"method":"GET","url":"https://pay.pesapal.com/v3/api/URLSetup/GetIpnList","code":200}}
{"ts":"2025-11-18T12:33:36+00:00","msg":"HTTP request","ctx":{"method":"POST","url":"https://pay.pesapal.com/v3/api/Transactions/SubmitOrderRequest","code":200}}
{"ts":"2025-11-18T12:33:41+00:00","msg":"HTTP request","ctx":{"method":"GET","url":"https://pay.pesapal.com/v3/api/Transactions/GetTransactionStatus?orderTrackingId=75224845-0545-41d5-ad9d-db13047a9422","code":200}}
{"ts":"2025-11-18T12:33:45+00:00","msg":"HTTP request","ctx":{"method":"GET","url":"https://pay.pesapal.com/v3/api/Transactions/GetTransactionStatus?orderTrackingId=75224845-0545-41d5-ad9d-db13047a9422","code":200}}
{"ts":"2025-11-18T12:33:50+00:00","msg":"HTTP request","ctx":{"method":"GET","url":"https://pay.pesapal.com/v3/api/Transactions/GetTransactionStatus?orderTrackingId=75224845-0545-41d5-ad9d-db13047a9422","code":200}}
{"ts":"2025-11-18T12:33:54+00:00","msg":"HTTP request","ctx":{"method":"GET","url":"https://pay.pesapal.com/v3/api/Transactions/GetTransactionStatus?orderTrackingId=75224845-0545-41d5-ad9d-db13047a9422","code":200}}
{"ts":"2025-11-18T12:33:58+00:00","msg":"HTTP request","ctx":{"method":"GET","url":"https://pay.pesapal.com/v3/api/Transactions/GetTransactionStatus?orderTrackingId=75224845-0545-41d5-ad9d-db13047a9422","code":200}}
{"ts":"2025-11-18T12:34:03+00:00","msg":"HTTP request","ctx":{"method":"GET","url":"https://pay.pesapal.com/v3/api/Transactions/GetTransactionStatus?orderTrackingId=75224845-0545-41d5-ad9d-db13047a9422","code":200}}
{"ts":"2025-11-18T12:34:07+00:00","msg":"HTTP request","ctx":{"method":"GET","url":"https://pay.pesapal.com/v3/api/Transactions/GetTransactionStatus?orderTrackingId=75224845-0545-41d5-ad9d-db13047a9422","code":200}}
{"ts":"2025-11-18T12:34:11+00:00","msg":"HTTP request","ctx":{"method":"GET","url":"https://pay.pesapal.com/v3/api/Transactions/GetTransactionStatus?orderTrackingId=75224845-0545-41d5-ad9d-db13047a9422","code":200}}
{"ts":"2025-11-18T12:34:16+00:00","msg":"HTTP request","ctx":{"method":"GET","url":"https://pay.pesapal.com/v3/api/Transactions/GetTransactionStatus?orderTrackingId=75224845-0545-41d5-ad9d-db13047a9422","code":200}}
{"ts":"2025-11-18T12:34:20+00:00","msg":"HTTP request","ctx":{"method":"GET","url":"https://pay.pesapal.com/v3/api/Transactions/GetTransactionStatus?orderTrackingId=75224845-0545-41d5-ad9d-db13047a9422","code":200}}
{"ts":"2025-11-18T12:34:25+00:00","msg":"HTTP request","ctx":{"method":"GET","url":"https://pay.pesapal.com/v3/api/Transactions/GetTransactionStatus?orderTrackingId=75224845-0545-41d5-ad9d-db13047a9422","code":200}}
{"ts":"2025-11-18T12:34:29+00:00","msg":"HTTP request","ctx":{"method":"GET","url":"https://pay.pesapal.com/v3/api/Transactions/GetTransactionStatus?orderTrackingId=75224845-0545-41d5-ad9d-db13047a9422","code":200}}
{"ts":"2025-11-18T12:34:33+00:00","msg":"HTTP request","ctx":{"method":"GET","url":"https://pay.pesapal.com/v3/api/Transactions/GetTransactionStatus?orderTrackingId=75224845-0545-41d5-ad9d-db13047a9422","code":200}}
{"ts":"2025-11-18T12:34:38+00:00","msg":"HTTP request","ctx":{"method":"GET","url":"https://pay.pesapal.com/v3/api/Transactions/GetTransactionStatus?orderTrackingId=75224845-0545-41d5-ad9d-db13047a9422","code":200}}
{"ts":"2025-11-18T12:34:42+00:00","msg":"HTTP request","ctx":{"method":"GET","url":"https://pay.pesapal.com/v3/api/Transactions/GetTransactionStatus?orderTrackingId=75224845-0545-41d5-ad9d-db13047a9422","code":200}}
{"ts":"2025-11-18T12:34:46+00:00","msg":"HTTP request","ctx":{"method":"GET","url":"https://pay.pesapal.com/v3/api/Transactions/GetTransactionStatus?orderTrackingId=75224845-0545-41d5-ad9d-db13047a9422","code":200}}
{"ts":"2025-11-18T12:34:51+00:00","msg":"HTTP request","ctx":{"method":"GET","url":"https://pay.pesapal.com/v3/api/Transactions/GetTransactionStatus?orderTrackingId=75224845-0545-41d5-ad9d-db13047a9422","code":200}}
{"ts":"2025-11-18T12:34:55+00:00","msg":"HTTP request","ctx":{"method":"GET","url":"https://pay.pesapal.com/v3/api/Transactions/GetTransactionStatus?orderTrackingId=75224845-0545-41d5-ad9d-db13047a9422","code":200}}
{"ts":"2025-11-18T12:34:59+00:00","msg":"HTTP request","ctx":{"method":"GET","url":"https://pay.pesapal.com/v3/api/Transactions/GetTransactionStatus?orderTrackingId=75224845-0545-41d5-ad9d-db13047a9422","code":200}}
{"ts":"2025-11-18T12:35:04+00:00","msg":"HTTP request","ctx":{"method":"GET","url":"https://pay.pesapal.com/v3/api/Transactions/GetTransactionStatus?orderTrackingId=75224845-0545-41d5-ad9d-db13047a9422","code":200}}
{"ts":"2025-11-18T12:35:08+00:00","msg":"HTTP request","ctx":{"method":"GET","url":"https://pay.pesapal.com/v3/api/Transactions/GetTransactionStatus?orderTrackingId=75224845-0545-41d5-ad9d-db13047a9422","code":200}}
{"ts":"2025-11-18T12:35:12+00:00","msg":"HTTP request","ctx":{"method":"GET","url":"https://pay.pesapal.com/v3/api/Transactions/GetTransactionStatus?orderTrackingId=75224845-0545-41d5-ad9d-db13047a9422","code":200}}
{"ts":"2025-11-18T12:35:17+00:00","msg":"HTTP request","ctx":{"method":"GET","url":"https://pay.pesapal.com/v3/api/Transactions/GetTransactionStatus?orderTrackingId=75224845-0545-41d5-ad9d-db13047a9422","code":200}}
{"ts":"2025-11-18T12:35:21+00:00","msg":"HTTP request","ctx":{"method":"GET","url":"https://pay.pesapal.com/v3/api/Transactions/GetTransactionStatus?orderTrackingId=75224845-0545-41d5-ad9d-db13047a9422","code":200}}
{"ts":"2025-11-18T12:35:25+00:00","msg":"HTTP request","ctx":{"method":"GET","url":"https://pay.pesapal.com/v3/api/Transactions/GetTransactionStatus?orderTrackingId=75224845-0545-41d5-ad9d-db13047a9422","code":200}}
{"ts":"2025-11-18T12:35:30+00:00","msg":"HTTP request","ctx":{"method":"GET","url":"https://pay.pesapal.com/v3/api/Transactions/GetTransactionStatus?orderTrackingId=75224845-0545-41d5-ad9d-db13047a9422","code":200}}
{"ts":"2025-11-18T12:35:34+00:00","msg":"HTTP request","ctx":{"method":"GET","url":"https://pay.pesapal.com/v3/api/Transactions/GetTransactionStatus?orderTrackingId=75224845-0545-41d5-ad9d-db13047a9422","code":200}}
{"ts":"2025-11-18T12:35:38+00:00","msg":"HTTP request","ctx":{"method":"GET","url":"https://pay.pesapal.com/v3/api/Transactions/GetTransactionStatus?orderTrackingId=75224845-0545-41d5-ad9d-db13047a9422","code":200}}
{"ts":"2025-11-18T12:35:43+00:00","msg":"HTTP request","ctx":{"method":"GET","url":"https://pay.pesapal.com/v3/api/Transactions/GetTransactionStatus?orderTrackingId=75224845-0545-41d5-ad9d-db13047a9422","code":200}}
{"ts":"2025-11-18T12:35:48+00:00","msg":"HTTP request","ctx":{"method":"GET","url":"https://pay.pesapal.com/v3/api/Transactions/GetTransactionStatus?orderTrackingId=75224845-0545-41d5-ad9d-db13047a9422","code":200}}
{"ts":"2025-11-18T12:35:52+00:00","msg":"HTTP request","ctx":{"method":"GET","url":"https://pay.pesapal.com/v3/api/Transactions/GetTransactionStatus?orderTrackingId=75224845-0545-41d5-ad9d-db13047a9422","code":200}}
{"ts":"2025-11-18T12:35:56+00:00","msg":"HTTP request","ctx":{"method":"GET","url":"https://pay.pesapal.com/v3/api/Transactions/GetTransactionStatus?orderTrackingId=75224845-0545-41d5-ad9d-db13047a9422","code":200}}
{"ts":"2025-11-18T12:36:01+00:00","msg":"HTTP request","ctx":{"method":"GET","url":"https://pay.pesapal.com/v3/api/Transactions/GetTransactionStatus?orderTrackingId=75224845-0545-41d5-ad9d-db13047a9422","code":200}}
{"ts":"2025-11-18T12:36:05+00:00","msg":"HTTP request","ctx":{"method":"GET","url":"https://pay.pesapal.com/v3/api/Transactions/GetTransactionStatus?orderTrackingId=75224845-0545-41d5-ad9d-db13047a9422","code":200}}
{"ts":"2025-11-18T12:36:09+00:00","msg":"HTTP request","ctx":{"method":"GET","url":"https://pay.pesapal.com/v3/api/Transactions/GetTransactionStatus?orderTrackingId=75224845-0545-41d5-ad9d-db13047a9422","code":200}}
{"ts":"2025-11-18T12:36:14+00:00","msg":"HTTP request","ctx":{"method":"GET","url":"https://pay.pesapal.com/v3/api/Transactions/GetTransactionStatus?orderTrackingId=75224845-0545-41d5-ad9d-db13047a9422","code":200}}
{"ts":"2025-11-18T12:36:18+00:00","msg":"HTTP request","ctx":{"method":"GET","url":"https://pay.pesapal.com/v3/api/Transactions/GetTransactionStatus?orderTrackingId=75224845-0545-41d5-ad9d-db13047a9422","code":200}}
{"ts":"2025-11-18T12:36:22+00:00","msg":"HTTP request","ctx":{"method":"GET","url":"https://pay.pesapal.com/v3/api/Transactions/GetTransactionStatus?orderTrackingId=75224845-0545-41d5-ad9d-db13047a9422","code":200}}
{"ts":"2025-11-18T12:36:27+00:00","msg":"HTTP request","ctx":{"method":"GET","url":"https://pay.pesapal.com/v3/api/Transactions/GetTransactionStatus?orderTrackingId=75224845-0545-41d5-ad9d-db13047a9422","code":200}}
{"ts":"2025-11-18T12:36:31+00:00","msg":"HTTP request","ctx":{"method":"GET","url":"https://pay.pesapal.com/v3/api/Transactions/GetTransactionStatus?orderTrackingId=75224845-0545-41d5-ad9d-db13047a9422","code":200}}
{"ts":"2025-11-18T12:36:36+00:00","msg":"HTTP request","ctx":{"method":"GET","url":"https://pay.pesapal.com/v3/api/Transactions/GetTransactionStatus?orderTrackingId=75224845-0545-41d5-ad9d-db13047a9422","code":200}}
{"ts":"2025-11-18T12:36:40+00:00","msg":"HTTP request","ctx":{"method":"GET","url":"https://pay.pesapal.com/v3/api/Transactions/GetTransactionStatus?orderTrackingId=75224845-0545-41d5-ad9d-db13047a9422","code":200}}
{"ts":"2025-11-18T12:36:45+00:00","msg":"HTTP request","ctx":{"method":"GET","url":"https://pay.pesapal.com/v3/api/Transactions/GetTransactionStatus?orderTrackingId=75224845-0545-41d5-ad9d-db13047a9422","code":200}}
{"ts":"2025-11-20T06:13:19+00:00","msg":"IPN received","ctx":{"rawPreview":"{\"OrderTrackingId\":\"75224845-0545-41d5-ad9d-db13047a9422\",\"OrderNotificationType\":\"IPNCHANGE\",\"OrderMerchantReference\":\"ORD95\"}"}}
{"ts":"2025-11-20T06:13:19+00:00","msg":"IPN parsed","ctx":{"orderTrackingId":null,"merchantReference":null,"order_id":null}}
{"ts":"2025-11-20T06:13:19+00:00","msg":"HTTP request","ctx":{"method":"POST","url":"https://pay.pesapal.com/v3/api/Auth/RequestToken","code":200}}
{"ts":"2025-11-20T15:23:51+00:00","msg":"HTTP request","ctx":{"method":"POST","url":"https://pay.pesapal.com/v3/api/Auth/RequestToken","code":200}}
{"ts":"2025-11-20T15:23:51+00:00","msg":"HTTP request","ctx":{"method":"GET","url":"https://pay.pesapal.com/v3/api/URLSetup/GetIpnList","code":200}}
{"ts":"2025-11-20T15:23:52+00:00","msg":"HTTP request","ctx":{"method":"POST","url":"https://pay.pesapal.com/v3/api/Transactions/SubmitOrderRequest","code":200}}
{"ts":"2025-11-20T15:23:53+00:00","msg":"HTTP request","ctx":{"method":"GET","url":"https://pay.pesapal.com/v3/api/URLSetup/GetIpnList","code":200}}
{"ts":"2025-11-20T15:23:54+00:00","msg":"HTTP request","ctx":{"method":"POST","url":"https://pay.pesapal.com/v3/api/Transactions/SubmitOrderRequest","code":200}}
{"ts":"2025-11-20T15:23:56+00:00","msg":"HTTP request","ctx":{"method":"GET","url":"https://pay.pesapal.com/v3/api/URLSetup/GetIpnList","code":200}}
{"ts":"2025-11-20T15:23:57+00:00","msg":"HTTP request","ctx":{"method":"POST","url":"https://pay.pesapal.com/v3/api/Transactions/SubmitOrderRequest","code":200}}
{"ts":"2025-11-20T15:24:01+00:00","msg":"HTTP request","ctx":{"method":"GET","url":"https://pay.pesapal.com/v3/api/Transactions/GetTransactionStatus?orderTrackingId=180868d6-7945-4f78-8237-db11fafe5a05","code":200}}
{"ts":"2025-11-20T15:24:07+00:00","msg":"HTTP request","ctx":{"method":"GET","url":"https://pay.pesapal.com/v3/api/Transactions/GetTransactionStatus?orderTrackingId=180868d6-7945-4f78-8237-db11fafe5a05","code":200}}
{"ts":"2025-11-20T15:24:12+00:00","msg":"HTTP request","ctx":{"method":"GET","url":"https://pay.pesapal.com/v3/api/Transactions/GetTransactionStatus?orderTrackingId=180868d6-7945-4f78-8237-db11fafe5a05","code":200}}
{"ts":"2025-11-20T15:24:17+00:00","msg":"HTTP request","ctx":{"method":"GET","url":"https://pay.pesapal.com/v3/api/Transactions/GetTransactionStatus?orderTrackingId=180868d6-7945-4f78-8237-db11fafe5a05","code":200}}
{"ts":"2025-11-20T15:24:21+00:00","msg":"HTTP request","ctx":{"method":"GET","url":"https://pay.pesapal.com/v3/api/Transactions/GetTransactionStatus?orderTrackingId=180868d6-7945-4f78-8237-db11fafe5a05","code":200}}
{"ts":"2025-11-20T15:24:26+00:00","msg":"HTTP request","ctx":{"method":"GET","url":"https://pay.pesapal.com/v3/api/Transactions/GetTransactionStatus?orderTrackingId=180868d6-7945-4f78-8237-db11fafe5a05","code":200}}
{"ts":"2025-11-20T15:24:30+00:00","msg":"HTTP request","ctx":{"method":"GET","url":"https://pay.pesapal.com/v3/api/Transactions/GetTransactionStatus?orderTrackingId=180868d6-7945-4f78-8237-db11fafe5a05","code":200}}
{"ts":"2025-11-20T15:24:35+00:00","msg":"HTTP request","ctx":{"method":"GET","url":"https://pay.pesapal.com/v3/api/Transactions/GetTransactionStatus?orderTrackingId=180868d6-7945-4f78-8237-db11fafe5a05","code":200}}
{"ts":"2025-11-20T15:24:39+00:00","msg":"HTTP request","ctx":{"method":"GET","url":"https://pay.pesapal.com/v3/api/Transactions/GetTransactionStatus?orderTrackingId=180868d6-7945-4f78-8237-db11fafe5a05","code":200}}
{"ts":"2025-11-20T15:24:44+00:00","msg":"HTTP request","ctx":{"method":"GET","url":"https://pay.pesapal.com/v3/api/Transactions/GetTransactionStatus?orderTrackingId=180868d6-7945-4f78-8237-db11fafe5a05","code":200}}
{"ts":"2025-11-20T15:24:48+00:00","msg":"HTTP request","ctx":{"method":"GET","url":"https://pay.pesapal.com/v3/api/Transactions/GetTransactionStatus?orderTrackingId=180868d6-7945-4f78-8237-db11fafe5a05","code":200}}
{"ts":"2025-11-20T15:24:53+00:00","msg":"HTTP request","ctx":{"method":"GET","url":"https://pay.pesapal.com/v3/api/Transactions/GetTransactionStatus?orderTrackingId=180868d6-7945-4f78-8237-db11fafe5a05","code":200}}
{"ts":"2025-11-20T17:04:52+00:00","msg":"HTTP request","ctx":{"method":"POST","url":"https://pay.pesapal.com/v3/api/Auth/RequestToken","code":200}}
{"ts":"2025-11-20T17:04:52+00:00","msg":"HTTP request","ctx":{"method":"GET","url":"https://pay.pesapal.com/v3/api/URLSetup/GetIpnList","code":200}}
{"ts":"2025-11-20T17:04:53+00:00","msg":"HTTP request","ctx":{"method":"POST","url":"https://pay.pesapal.com/v3/api/Transactions/SubmitOrderRequest","code":200}}
{"ts":"2025-11-20T17:04:57+00:00","msg":"HTTP request","ctx":{"method":"GET","url":"https://pay.pesapal.com/v3/api/Transactions/GetTransactionStatus?orderTrackingId=024a0720-ac58-42d3-b79d-db1117801b6b","code":200}}
{"ts":"2025-11-20T17:05:02+00:00","msg":"HTTP request","ctx":{"method":"GET","url":"https://pay.pesapal.com/v3/api/Transactions/GetTransactionStatus?orderTrackingId=024a0720-ac58-42d3-b79d-db1117801b6b","code":200}}
{"ts":"2025-11-20T17:05:06+00:00","msg":"HTTP request","ctx":{"method":"GET","url":"https://pay.pesapal.com/v3/api/Transactions/GetTransactionStatus?orderTrackingId=024a0720-ac58-42d3-b79d-db1117801b6b","code":200}}
{"ts":"2025-11-20T17:05:10+00:00","msg":"HTTP request","ctx":{"method":"GET","url":"https://pay.pesapal.com/v3/api/Transactions/GetTransactionStatus?orderTrackingId=024a0720-ac58-42d3-b79d-db1117801b6b","code":200}}
{"ts":"2025-11-20T17:05:15+00:00","msg":"HTTP request","ctx":{"method":"GET","url":"https://pay.pesapal.com/v3/api/Transactions/GetTransactionStatus?orderTrackingId=024a0720-ac58-42d3-b79d-db1117801b6b","code":200}}
{"ts":"2025-11-20T17:05:19+00:00","msg":"HTTP request","ctx":{"method":"GET","url":"https://pay.pesapal.com/v3/api/Transactions/GetTransactionStatus?orderTrackingId=024a0720-ac58-42d3-b79d-db1117801b6b","code":200}}
{"ts":"2025-11-20T17:05:24+00:00","msg":"HTTP request","ctx":{"method":"GET","url":"https://pay.pesapal.com/v3/api/Transactions/GetTransactionStatus?orderTrackingId=024a0720-ac58-42d3-b79d-db1117801b6b","code":200}}
{"ts":"2025-11-20T17:05:28+00:00","msg":"HTTP request","ctx":{"method":"GET","url":"https://pay.pesapal.com/v3/api/Transactions/GetTransactionStatus?orderTrackingId=024a0720-ac58-42d3-b79d-db1117801b6b","code":200}}
{"ts":"2025-11-20T17:05:32+00:00","msg":"HTTP request","ctx":{"method":"GET","url":"https://pay.pesapal.com/v3/api/Transactions/GetTransactionStatus?orderTrackingId=024a0720-ac58-42d3-b79d-db1117801b6b","code":200}}
{"ts":"2025-11-20T17:05:37+00:00","msg":"HTTP request","ctx":{"method":"GET","url":"https://pay.pesapal.com/v3/api/Transactions/GetTransactionStatus?orderTrackingId=024a0720-ac58-42d3-b79d-db1117801b6b","code":200}}
{"ts":"2025-11-20T17:05:41+00:00","msg":"HTTP request","ctx":{"method":"GET","url":"https://pay.pesapal.com/v3/api/Transactions/GetTransactionStatus?orderTrackingId=024a0720-ac58-42d3-b79d-db1117801b6b","code":200}}
{"ts":"2025-11-20T17:05:45+00:00","msg":"HTTP request","ctx":{"method":"GET","url":"https://pay.pesapal.com/v3/api/Transactions/GetTransactionStatus?orderTrackingId=024a0720-ac58-42d3-b79d-db1117801b6b","code":200}}
{"ts":"2025-11-20T17:05:50+00:00","msg":"HTTP request","ctx":{"method":"GET","url":"https://pay.pesapal.com/v3/api/Transactions/GetTransactionStatus?orderTrackingId=024a0720-ac58-42d3-b79d-db1117801b6b","code":200}}
{"ts":"2025-11-20T17:05:54+00:00","msg":"HTTP request","ctx":{"method":"GET","url":"https://pay.pesapal.com/v3/api/Transactions/GetTransactionStatus?orderTrackingId=024a0720-ac58-42d3-b79d-db1117801b6b","code":200}}
{"ts":"2025-11-20T17:05:59+00:00","msg":"HTTP request","ctx":{"method":"GET","url":"https://pay.pesapal.com/v3/api/Transactions/GetTransactionStatus?orderTrackingId=024a0720-ac58-42d3-b79d-db1117801b6b","code":200}}
{"ts":"2025-11-20T17:06:03+00:00","msg":"HTTP request","ctx":{"method":"GET","url":"https://pay.pesapal.com/v3/api/Transactions/GetTransactionStatus?orderTrackingId=024a0720-ac58-42d3-b79d-db1117801b6b","code":200}}
{"ts":"2025-11-20T17:06:08+00:00","msg":"HTTP request","ctx":{"method":"GET","url":"https://pay.pesapal.com/v3/api/Transactions/GetTransactionStatus?orderTrackingId=024a0720-ac58-42d3-b79d-db1117801b6b","code":200}}
{"ts":"2025-11-20T17:06:12+00:00","msg":"HTTP request","ctx":{"method":"GET","url":"https://pay.pesapal.com/v3/api/Transactions/GetTransactionStatus?orderTrackingId=024a0720-ac58-42d3-b79d-db1117801b6b","code":200}}
{"ts":"2025-11-20T17:06:16+00:00","msg":"HTTP request","ctx":{"method":"GET","url":"https://pay.pesapal.com/v3/api/Transactions/GetTransactionStatus?orderTrackingId=024a0720-ac58-42d3-b79d-db1117801b6b","code":200}}
{"ts":"2025-11-20T17:06:21+00:00","msg":"HTTP request","ctx":{"method":"GET","url":"https://pay.pesapal.com/v3/api/Transactions/GetTransactionStatus?orderTrackingId=024a0720-ac58-42d3-b79d-db1117801b6b","code":200}}
{"ts":"2025-11-20T17:06:25+00:00","msg":"HTTP request","ctx":{"method":"GET","url":"https://pay.pesapal.com/v3/api/Transactions/GetTransactionStatus?orderTrackingId=024a0720-ac58-42d3-b79d-db1117801b6b","code":200}}
{"ts":"2025-11-20T17:06:30+00:00","msg":"HTTP request","ctx":{"method":"GET","url":"https://pay.pesapal.com/v3/api/Transactions/GetTransactionStatus?orderTrackingId=024a0720-ac58-42d3-b79d-db1117801b6b","code":200}}
{"ts":"2025-11-20T17:06:34+00:00","msg":"HTTP request","ctx":{"method":"GET","url":"https://pay.pesapal.com/v3/api/Transactions/GetTransactionStatus?orderTrackingId=024a0720-ac58-42d3-b79d-db1117801b6b","code":200}}
{"ts":"2025-11-20T17:06:38+00:00","msg":"HTTP request","ctx":{"method":"GET","url":"https://pay.pesapal.com/v3/api/Transactions/GetTransactionStatus?orderTrackingId=024a0720-ac58-42d3-b79d-db1117801b6b","code":200}}
{"ts":"2025-11-20T17:06:43+00:00","msg":"HTTP request","ctx":{"method":"GET","url":"https://pay.pesapal.com/v3/api/Transactions/GetTransactionStatus?orderTrackingId=024a0720-ac58-42d3-b79d-db1117801b6b","code":200}}
{"ts":"2025-11-20T17:06:47+00:00","msg":"HTTP request","ctx":{"method":"GET","url":"https://pay.pesapal.com/v3/api/Transactions/GetTransactionStatus?orderTrackingId=024a0720-ac58-42d3-b79d-db1117801b6b","code":200}}
{"ts":"2025-11-20T17:06:52+00:00","msg":"HTTP request","ctx":{"method":"GET","url":"https://pay.pesapal.com/v3/api/Transactions/GetTransactionStatus?orderTrackingId=024a0720-ac58-42d3-b79d-db1117801b6b","code":200}}
{"ts":"2025-11-20T17:06:56+00:00","msg":"HTTP request","ctx":{"method":"GET","url":"https://pay.pesapal.com/v3/api/Transactions/GetTransactionStatus?orderTrackingId=024a0720-ac58-42d3-b79d-db1117801b6b","code":200}}
{"ts":"2025-11-20T17:07:01+00:00","msg":"HTTP request","ctx":{"method":"GET","url":"https://pay.pesapal.com/v3/api/Transactions/GetTransactionStatus?orderTrackingId=024a0720-ac58-42d3-b79d-db1117801b6b","code":200}}
{"ts":"2025-11-20T17:07:05+00:00","msg":"HTTP request","ctx":{"method":"GET","url":"https://pay.pesapal.com/v3/api/Transactions/GetTransactionStatus?orderTrackingId=024a0720-ac58-42d3-b79d-db1117801b6b","code":200}}
{"ts":"2025-11-20T17:07:10+00:00","msg":"HTTP request","ctx":{"method":"GET","url":"https://pay.pesapal.com/v3/api/Transactions/GetTransactionStatus?orderTrackingId=024a0720-ac58-42d3-b79d-db1117801b6b","code":200}}
{"ts":"2025-11-20T17:07:14+00:00","msg":"HTTP request","ctx":{"method":"GET","url":"https://pay.pesapal.com/v3/api/Transactions/GetTransactionStatus?orderTrackingId=024a0720-ac58-42d3-b79d-db1117801b6b","code":200}}
{"ts":"2025-11-20T17:07:18+00:00","msg":"HTTP request","ctx":{"method":"GET","url":"https://pay.pesapal.com/v3/api/Transactions/GetTransactionStatus?orderTrackingId=024a0720-ac58-42d3-b79d-db1117801b6b","code":200}}
{"ts":"2025-11-20T17:07:22+00:00","msg":"IPN received","ctx":{"rawPreview":"{\"OrderTrackingId\":\"024a0720-ac58-42d3-b79d-db1117801b6b\",\"OrderNotificationType\":\"IPNCHANGE\",\"OrderMerchantReference\":\"ORD99\"}"}}
{"ts":"2025-11-20T17:07:22+00:00","msg":"IPN parsed","ctx":{"orderTrackingId":null,"merchantReference":null,"order_id":null}}
{"ts":"2025-11-20T17:07:23+00:00","msg":"HTTP request","ctx":{"method":"GET","url":"https://pay.pesapal.com/v3/api/Transactions/GetTransactionStatus?orderTrackingId=024a0720-ac58-42d3-b79d-db1117801b6b","code":200}}
{"ts":"2025-11-20T17:07:23+00:00","msg":"Callback received","ctx":{"OrderTrackingId":"024a0720-ac58-42d3-b79d-db1117801b6b","OrderMerchantReference":"ORD99","Referer":"https://www.akdownloads.com/pay_pesapal.php?order_id=99","UserAgent":"Mozilla/5.0 (Linux; Android 14; SM-S908U Build/UP1A.231005.007; wv) AppleWebKit/537.36 (KHTML, like Gecko) Version/4.0 Chrome/142.0.7444.102 Mobile Safari/537.36 musical_ly_2024204040 AppName/musical_ly ByteLocale/en","RemoteIP":"162.19.74.43","Allowed":"yes"}}
{"ts":"2025-11-20T17:07:23+00:00","msg":"HTTP request","ctx":{"method":"GET","url":"https://pay.pesapal.com/v3/api/Transactions/GetTransactionStatus?orderTrackingId=024a0720-ac58-42d3-b79d-db1117801b6b","code":200}}
{"ts":"2025-11-20T17:07:23+00:00","msg":"Callback status","ctx":{"pesapalStatus":"Completed","localStatus":"completed"}}
{"ts":"2025-11-20T17:07:23+00:00","msg":"Callback payments updated","ctx":{"order_id":99,"status":"completed"}}
{"ts":"2025-11-20T17:07:43+00:00","msg":"HTTP request","ctx":{"method":"GET","url":"https://pay.pesapal.com/v3/api/URLSetup/GetIpnList","code":200}}
{"ts":"2025-11-20T17:07:43+00:00","msg":"HTTP request","ctx":{"method":"POST","url":"https://pay.pesapal.com/v3/api/Transactions/SubmitOrderRequest","code":200}}
{"ts":"2025-11-21T22:00:52+00:00","msg":"HTTP request","ctx":{"method":"POST","url":"https://pay.pesapal.com/v3/api/Auth/RequestToken","code":200}}
{"ts":"2025-11-21T22:00:52+00:00","msg":"HTTP request","ctx":{"method":"GET","url":"https://pay.pesapal.com/v3/api/URLSetup/GetIpnList","code":200}}
{"ts":"2025-11-21T22:00:53+00:00","msg":"HTTP request","ctx":{"method":"POST","url":"https://pay.pesapal.com/v3/api/Transactions/SubmitOrderRequest","code":200}}
{"ts":"2025-11-21T22:00:58+00:00","msg":"HTTP request","ctx":{"method":"GET","url":"https://pay.pesapal.com/v3/api/Transactions/GetTransactionStatus?orderTrackingId=1e56a5f8-3bae-40e2-9426-db0f8274d23e","code":200}}
{"ts":"2025-11-21T22:01:02+00:00","msg":"HTTP request","ctx":{"method":"GET","url":"https://pay.pesapal.com/v3/api/Transactions/GetTransactionStatus?orderTrackingId=1e56a5f8-3bae-40e2-9426-db0f8274d23e","code":200}}
{"ts":"2025-11-21T22:01:07+00:00","msg":"HTTP request","ctx":{"method":"GET","url":"https://pay.pesapal.com/v3/api/Transactions/GetTransactionStatus?orderTrackingId=1e56a5f8-3bae-40e2-9426-db0f8274d23e","code":200}}
{"ts":"2025-11-21T22:01:11+00:00","msg":"HTTP request","ctx":{"method":"GET","url":"https://pay.pesapal.com/v3/api/Transactions/GetTransactionStatus?orderTrackingId=1e56a5f8-3bae-40e2-9426-db0f8274d23e","code":200}}
{"ts":"2025-11-21T22:01:16+00:00","msg":"HTTP request","ctx":{"method":"GET","url":"https://pay.pesapal.com/v3/api/Transactions/GetTransactionStatus?orderTrackingId=1e56a5f8-3bae-40e2-9426-db0f8274d23e","code":200}}
{"ts":"2025-11-21T22:01:20+00:00","msg":"HTTP request","ctx":{"method":"GET","url":"https://pay.pesapal.com/v3/api/Transactions/GetTransactionStatus?orderTrackingId=1e56a5f8-3bae-40e2-9426-db0f8274d23e","code":200}}
{"ts":"2025-11-21T22:01:24+00:00","msg":"HTTP request","ctx":{"method":"GET","url":"https://pay.pesapal.com/v3/api/Transactions/GetTransactionStatus?orderTrackingId=1e56a5f8-3bae-40e2-9426-db0f8274d23e","code":200}}
{"ts":"2025-11-21T22:01:29+00:00","msg":"HTTP request","ctx":{"method":"GET","url":"https://pay.pesapal.com/v3/api/Transactions/GetTransactionStatus?orderTrackingId=1e56a5f8-3bae-40e2-9426-db0f8274d23e","code":200}}
{"ts":"2025-11-21T22:01:33+00:00","msg":"HTTP request","ctx":{"method":"GET","url":"https://pay.pesapal.com/v3/api/Transactions/GetTransactionStatus?orderTrackingId=1e56a5f8-3bae-40e2-9426-db0f8274d23e","code":200}}
{"ts":"2025-11-21T22:01:38+00:00","msg":"HTTP request","ctx":{"method":"GET","url":"https://pay.pesapal.com/v3/api/Transactions/GetTransactionStatus?orderTrackingId=1e56a5f8-3bae-40e2-9426-db0f8274d23e","code":200}}
{"ts":"2025-11-21T22:01:39+00:00","msg":"IPN received","ctx":{"rawPreview":"{\"OrderTrackingId\":\"1e56a5f8-3bae-40e2-9426-db0f8274d23e\",\"OrderNotificationType\":\"IPNCHANGE\",\"OrderMerchantReference\":\"ORD100\"}"}}
{"ts":"2025-11-21T22:01:39+00:00","msg":"IPN parsed","ctx":{"orderTrackingId":null,"merchantReference":null,"order_id":null}}
{"ts":"2025-11-21T22:01:42+00:00","msg":"HTTP request","ctx":{"method":"GET","url":"https://pay.pesapal.com/v3/api/Transactions/GetTransactionStatus?orderTrackingId=1e56a5f8-3bae-40e2-9426-db0f8274d23e","code":200}}
{"ts":"2025-11-21T22:01:42+00:00","msg":"Callback received","ctx":{"OrderTrackingId":"1e56a5f8-3bae-40e2-9426-db0f8274d23e","OrderMerchantReference":"ORD100","Referer":"https://www.akdownloads.com/pay_pesapal.php?order_id=100","UserAgent":"Mozilla/5.0 (Linux; Android 14; SM-S908U Build/UP1A.231005.007; wv) AppleWebKit/537.36 (KHTML, like Gecko) Version/4.0 Chrome/142.0.7444.102 Mobile Safari/537.36 musical_ly_2024206040 AppName/musical_ly ByteLocale/en","RemoteIP":"54.36.208.69","Allowed":"yes"}}
{"ts":"2025-11-21T22:01:42+00:00","msg":"HTTP request","ctx":{"method":"GET","url":"https://pay.pesapal.com/v3/api/Transactions/GetTransactionStatus?orderTrackingId=1e56a5f8-3bae-40e2-9426-db0f8274d23e","code":200}}
{"ts":"2025-11-21T22:01:42+00:00","msg":"Callback status","ctx":{"pesapalStatus":"Completed","localStatus":"completed"}}
{"ts":"2025-11-21T22:01:42+00:00","msg":"Callback payments updated","ctx":{"order_id":100,"status":"completed"}}
{"ts":"2025-11-21T22:02:09+00:00","msg":"HTTP request","ctx":{"method":"GET","url":"https://pay.pesapal.com/v3/api/URLSetup/GetIpnList","code":200}}
{"ts":"2025-11-21T22:02:09+00:00","msg":"HTTP request","ctx":{"method":"POST","url":"https://pay.pesapal.com/v3/api/Transactions/SubmitOrderRequest","code":200}}
{"ts":"2025-11-21T22:02:13+00:00","msg":"HTTP request","ctx":{"method":"GET","url":"https://pay.pesapal.com/v3/api/Transactions/GetTransactionStatus?orderTrackingId=1e56a5f8-3bae-40e2-9426-db0f8274d23e","code":200}}
{"ts":"2025-11-21T22:02:13+00:00","msg":"Callback received","ctx":{"OrderTrackingId":"1e56a5f8-3bae-40e2-9426-db0f8274d23e","OrderMerchantReference":"ORD100","Referer":"https://www.akdownloads.com/pay_pesapal.php?order_id=100","UserAgent":"Mozilla/5.0 (Linux; Android 14; SM-S908U Build/UP1A.231005.007; wv) AppleWebKit/537.36 (KHTML, like Gecko) Version/4.0 Chrome/142.0.7444.102 Mobile Safari/537.36 musical_ly_2024206040 AppName/musical_ly ByteLocale/en","RemoteIP":"54.36.208.69","Allowed":"yes"}}
{"ts":"2025-11-21T22:02:14+00:00","msg":"HTTP request","ctx":{"method":"GET","url":"https://pay.pesapal.com/v3/api/Transactions/GetTransactionStatus?orderTrackingId=1e56a5f8-3bae-40e2-9426-db0f8274d23e","code":200}}
{"ts":"2025-11-21T22:02:14+00:00","msg":"Callback status","ctx":{"pesapalStatus":"Completed","localStatus":"completed"}}
{"ts":"2025-11-21T22:02:14+00:00","msg":"Callback payments updated","ctx":{"order_id":100,"status":"completed"}}
{"ts":"2025-11-27T03:08:17+00:00","msg":"HTTP request","ctx":{"method":"POST","url":"https://pay.pesapal.com/v3/api/Auth/RequestToken","code":200}}
{"ts":"2025-11-27T03:08:17+00:00","msg":"HTTP request","ctx":{"method":"GET","url":"https://pay.pesapal.com/v3/api/URLSetup/GetIpnList","code":200}}
{"ts":"2025-11-27T03:08:18+00:00","msg":"HTTP request","ctx":{"method":"POST","url":"https://pay.pesapal.com/v3/api/Transactions/SubmitOrderRequest","code":200}}
{"ts":"2025-11-27T03:08:22+00:00","msg":"HTTP request","ctx":{"method":"GET","url":"https://pay.pesapal.com/v3/api/Transactions/GetTransactionStatus?orderTrackingId=3defb089-1a4d-453c-ba67-db1c96a3a90d","code":200}}
{"ts":"2025-11-27T03:08:27+00:00","msg":"HTTP request","ctx":{"method":"GET","url":"https://pay.pesapal.com/v3/api/Transactions/GetTransactionStatus?orderTrackingId=3defb089-1a4d-453c-ba67-db1c96a3a90d","code":200}}
{"ts":"2025-11-27T03:08:33+00:00","msg":"HTTP request","ctx":{"method":"GET","url":"https://pay.pesapal.com/v3/api/URLSetup/GetIpnList","code":200}}
{"ts":"2025-11-27T03:08:33+00:00","msg":"HTTP request","ctx":{"method":"POST","url":"https://pay.pesapal.com/v3/api/Transactions/SubmitOrderRequest","code":200}}
{"ts":"2025-11-27T03:08:38+00:00","msg":"HTTP request","ctx":{"method":"GET","url":"https://pay.pesapal.com/v3/api/Transactions/GetTransactionStatus?orderTrackingId=3defb089-1a4d-453c-ba67-db1c96a3a90d","code":200}}
{"ts":"2025-11-27T03:08:42+00:00","msg":"HTTP request","ctx":{"method":"GET","url":"https://pay.pesapal.com/v3/api/Transactions/GetTransactionStatus?orderTrackingId=3defb089-1a4d-453c-ba67-db1c96a3a90d","code":200}}
{"ts":"2025-11-27T03:08:46+00:00","msg":"HTTP request","ctx":{"method":"GET","url":"https://pay.pesapal.com/v3/api/Transactions/GetTransactionStatus?orderTrackingId=3defb089-1a4d-453c-ba67-db1c96a3a90d","code":200}}
{"ts":"2025-11-27T03:08:51+00:00","msg":"HTTP request","ctx":{"method":"GET","url":"https://pay.pesapal.com/v3/api/Transactions/GetTransactionStatus?orderTrackingId=3defb089-1a4d-453c-ba67-db1c96a3a90d","code":200}}
{"ts":"2025-11-27T03:08:56+00:00","msg":"HTTP request","ctx":{"method":"GET","url":"https://pay.pesapal.com/v3/api/Transactions/GetTransactionStatus?orderTrackingId=3defb089-1a4d-453c-ba67-db1c96a3a90d","code":200}}
{"ts":"2025-11-27T03:09:01+00:00","msg":"HTTP request","ctx":{"method":"GET","url":"https://pay.pesapal.com/v3/api/Transactions/GetTransactionStatus?orderTrackingId=3defb089-1a4d-453c-ba67-db1c96a3a90d","code":200}}
{"ts":"2025-11-27T03:09:05+00:00","msg":"HTTP request","ctx":{"method":"GET","url":"https://pay.pesapal.com/v3/api/Transactions/GetTransactionStatus?orderTrackingId=3defb089-1a4d-453c-ba67-db1c96a3a90d","code":200}}
{"ts":"2025-11-27T03:09:09+00:00","msg":"HTTP request","ctx":{"method":"GET","url":"https://pay.pesapal.com/v3/api/Transactions/GetTransactionStatus?orderTrackingId=3defb089-1a4d-453c-ba67-db1c96a3a90d","code":200}}
{"ts":"2025-11-27T03:09:13+00:00","msg":"HTTP request","ctx":{"method":"GET","url":"https://pay.pesapal.com/v3/api/Transactions/GetTransactionStatus?orderTrackingId=3defb089-1a4d-453c-ba67-db1c96a3a90d","code":200}}
{"ts":"2025-11-27T03:09:17+00:00","msg":"HTTP request","ctx":{"method":"GET","url":"https://pay.pesapal.com/v3/api/Transactions/GetTransactionStatus?orderTrackingId=3defb089-1a4d-453c-ba67-db1c96a3a90d","code":200}}
{"ts":"2025-11-27T03:09:23+00:00","msg":"HTTP request","ctx":{"method":"GET","url":"https://pay.pesapal.com/v3/api/Transactions/GetTransactionStatus?orderTrackingId=3defb089-1a4d-453c-ba67-db1c96a3a90d","code":200}}
{"ts":"2025-11-27T03:09:28+00:00","msg":"HTTP request","ctx":{"method":"GET","url":"https://pay.pesapal.com/v3/api/Transactions/GetTransactionStatus?orderTrackingId=3defb089-1a4d-453c-ba67-db1c96a3a90d","code":200}}
{"ts":"2025-11-27T03:09:33+00:00","msg":"HTTP request","ctx":{"method":"GET","url":"https://pay.pesapal.com/v3/api/Transactions/GetTransactionStatus?orderTrackingId=3defb089-1a4d-453c-ba67-db1c96a3a90d","code":200}}
{"ts":"2025-11-27T03:09:38+00:00","msg":"HTTP request","ctx":{"method":"GET","url":"https://pay.pesapal.com/v3/api/Transactions/GetTransactionStatus?orderTrackingId=3defb089-1a4d-453c-ba67-db1c96a3a90d","code":200}}
{"ts":"2025-11-27T03:09:43+00:00","msg":"HTTP request","ctx":{"method":"GET","url":"https://pay.pesapal.com/v3/api/Transactions/GetTransactionStatus?orderTrackingId=3defb089-1a4d-453c-ba67-db1c96a3a90d","code":200}}
{"ts":"2025-11-27T03:09:48+00:00","msg":"HTTP request","ctx":{"method":"GET","url":"https://pay.pesapal.com/v3/api/Transactions/GetTransactionStatus?orderTrackingId=3defb089-1a4d-453c-ba67-db1c96a3a90d","code":200}}
{"ts":"2025-11-27T03:09:53+00:00","msg":"HTTP request","ctx":{"method":"GET","url":"https://pay.pesapal.com/v3/api/Transactions/GetTransactionStatus?orderTrackingId=3defb089-1a4d-453c-ba67-db1c96a3a90d","code":200}}
{"ts":"2025-11-27T03:09:58+00:00","msg":"HTTP request","ctx":{"method":"GET","url":"https://pay.pesapal.com/v3/api/Transactions/GetTransactionStatus?orderTrackingId=3defb089-1a4d-453c-ba67-db1c96a3a90d","code":200}}
{"ts":"2025-11-27T03:10:02+00:00","msg":"HTTP request","ctx":{"method":"GET","url":"https://pay.pesapal.com/v3/api/Transactions/GetTransactionStatus?orderTrackingId=3defb089-1a4d-453c-ba67-db1c96a3a90d","code":200}}
{"ts":"2025-11-27T03:10:03+00:00","msg":"HTTP request","ctx":{"method":"GET","url":"https://pay.pesapal.com/v3/api/URLSetup/GetIpnList","code":200}}
{"ts":"2025-11-27T03:10:03+00:00","msg":"HTTP request","ctx":{"method":"POST","url":"https://pay.pesapal.com/v3/api/Transactions/SubmitOrderRequest","code":200}}
{"ts":"2025-11-27T03:10:08+00:00","msg":"HTTP request","ctx":{"method":"GET","url":"https://pay.pesapal.com/v3/api/Transactions/GetTransactionStatus?orderTrackingId=3defb089-1a4d-453c-ba67-db1c96a3a90d","code":200}}
{"ts":"2025-11-27T03:10:12+00:00","msg":"HTTP request","ctx":{"method":"GET","url":"https://pay.pesapal.com/v3/api/Transactions/GetTransactionStatus?orderTrackingId=3defb089-1a4d-453c-ba67-db1c96a3a90d","code":200}}
{"ts":"2025-11-27T03:10:17+00:00","msg":"HTTP request","ctx":{"method":"GET","url":"https://pay.pesapal.com/v3/api/Transactions/GetTransactionStatus?orderTrackingId=3defb089-1a4d-453c-ba67-db1c96a3a90d","code":200}}
{"ts":"2025-11-27T03:10:21+00:00","msg":"HTTP request","ctx":{"method":"GET","url":"https://pay.pesapal.com/v3/api/Transactions/GetTransactionStatus?orderTrackingId=3defb089-1a4d-453c-ba67-db1c96a3a90d","code":200}}
{"ts":"2025-11-27T03:10:25+00:00","msg":"HTTP request","ctx":{"method":"GET","url":"https://pay.pesapal.com/v3/api/Transactions/GetTransactionStatus?orderTrackingId=3defb089-1a4d-453c-ba67-db1c96a3a90d","code":200}}
{"ts":"2025-11-27T03:10:29+00:00","msg":"HTTP request","ctx":{"method":"GET","url":"https://pay.pesapal.com/v3/api/Transactions/GetTransactionStatus?orderTrackingId=3defb089-1a4d-453c-ba67-db1c96a3a90d","code":200}}
{"ts":"2025-11-27T03:10:34+00:00","msg":"HTTP request","ctx":{"method":"GET","url":"https://pay.pesapal.com/v3/api/Transactions/GetTransactionStatus?orderTrackingId=3defb089-1a4d-453c-ba67-db1c96a3a90d","code":200}}
{"ts":"2025-11-27T03:10:38+00:00","msg":"HTTP request","ctx":{"method":"GET","url":"https://pay.pesapal.com/v3/api/Transactions/GetTransactionStatus?orderTrackingId=3defb089-1a4d-453c-ba67-db1c96a3a90d","code":200}}
{"ts":"2025-11-27T03:10:42+00:00","msg":"HTTP request","ctx":{"method":"GET","url":"https://pay.pesapal.com/v3/api/Transactions/GetTransactionStatus?orderTrackingId=3defb089-1a4d-453c-ba67-db1c96a3a90d","code":200}}
{"ts":"2025-11-27T03:10:46+00:00","msg":"HTTP request","ctx":{"method":"GET","url":"https://pay.pesapal.com/v3/api/Transactions/GetTransactionStatus?orderTrackingId=3defb089-1a4d-453c-ba67-db1c96a3a90d","code":200}}
{"ts":"2025-11-27T03:10:50+00:00","msg":"HTTP request","ctx":{"method":"GET","url":"https://pay.pesapal.com/v3/api/Transactions/GetTransactionStatus?orderTrackingId=3defb089-1a4d-453c-ba67-db1c96a3a90d","code":200}}
{"ts":"2025-11-27T03:10:55+00:00","msg":"HTTP request","ctx":{"method":"GET","url":"https://pay.pesapal.com/v3/api/Transactions/GetTransactionStatus?orderTrackingId=3defb089-1a4d-453c-ba67-db1c96a3a90d","code":200}}
{"ts":"2025-11-27T03:10:59+00:00","msg":"HTTP request","ctx":{"method":"GET","url":"https://pay.pesapal.com/v3/api/Transactions/GetTransactionStatus?orderTrackingId=3defb089-1a4d-453c-ba67-db1c96a3a90d","code":200}}
{"ts":"2025-11-27T03:11:03+00:00","msg":"HTTP request","ctx":{"method":"GET","url":"https://pay.pesapal.com/v3/api/Transactions/GetTransactionStatus?orderTrackingId=3defb089-1a4d-453c-ba67-db1c96a3a90d","code":200}}
{"ts":"2025-11-27T03:11:07+00:00","msg":"HTTP request","ctx":{"method":"GET","url":"https://pay.pesapal.com/v3/api/Transactions/GetTransactionStatus?orderTrackingId=3defb089-1a4d-453c-ba67-db1c96a3a90d","code":200}}
{"ts":"2025-11-27T03:11:12+00:00","msg":"HTTP request","ctx":{"method":"GET","url":"https://pay.pesapal.com/v3/api/Transactions/GetTransactionStatus?orderTrackingId=3defb089-1a4d-453c-ba67-db1c96a3a90d","code":200}}
{"ts":"2025-11-27T03:11:16+00:00","msg":"HTTP request","ctx":{"method":"GET","url":"https://pay.pesapal.com/v3/api/Transactions/GetTransactionStatus?orderTrackingId=3defb089-1a4d-453c-ba67-db1c96a3a90d","code":200}}
{"ts":"2025-11-27T03:11:20+00:00","msg":"HTTP request","ctx":{"method":"GET","url":"https://pay.pesapal.com/v3/api/Transactions/GetTransactionStatus?orderTrackingId=3defb089-1a4d-453c-ba67-db1c96a3a90d","code":200}}
{"ts":"2025-11-27T03:11:25+00:00","msg":"HTTP request","ctx":{"method":"GET","url":"https://pay.pesapal.com/v3/api/Transactions/GetTransactionStatus?orderTrackingId=3defb089-1a4d-453c-ba67-db1c96a3a90d","code":200}}
{"ts":"2025-11-27T03:11:29+00:00","msg":"HTTP request","ctx":{"method":"GET","url":"https://pay.pesapal.com/v3/api/Transactions/GetTransactionStatus?orderTrackingId=3defb089-1a4d-453c-ba67-db1c96a3a90d","code":200}}
{"ts":"2025-11-27T03:11:33+00:00","msg":"HTTP request","ctx":{"method":"GET","url":"https://pay.pesapal.com/v3/api/Transactions/GetTransactionStatus?orderTrackingId=3defb089-1a4d-453c-ba67-db1c96a3a90d","code":200}}
{"ts":"2025-11-27T03:11:38+00:00","msg":"HTTP request","ctx":{"method":"GET","url":"https://pay.pesapal.com/v3/api/Transactions/GetTransactionStatus?orderTrackingId=3defb089-1a4d-453c-ba67-db1c96a3a90d","code":200}}
{"ts":"2025-11-27T03:11:42+00:00","msg":"HTTP request","ctx":{"method":"GET","url":"https://pay.pesapal.com/v3/api/Transactions/GetTransactionStatus?orderTrackingId=3defb089-1a4d-453c-ba67-db1c96a3a90d","code":200}}
{"ts":"2025-11-27T03:11:46+00:00","msg":"HTTP request","ctx":{"method":"GET","url":"https://pay.pesapal.com/v3/api/Transactions/GetTransactionStatus?orderTrackingId=3defb089-1a4d-453c-ba67-db1c96a3a90d","code":200}}
{"ts":"2025-11-27T03:11:51+00:00","msg":"HTTP request","ctx":{"method":"GET","url":"https://pay.pesapal.com/v3/api/Transactions/GetTransactionStatus?orderTrackingId=3defb089-1a4d-453c-ba67-db1c96a3a90d","code":200}}
{"ts":"2025-11-27T03:11:55+00:00","msg":"HTTP request","ctx":{"method":"GET","url":"https://pay.pesapal.com/v3/api/Transactions/GetTransactionStatus?orderTrackingId=3defb089-1a4d-453c-ba67-db1c96a3a90d","code":200}}
{"ts":"2025-11-27T03:11:59+00:00","msg":"HTTP request","ctx":{"method":"GET","url":"https://pay.pesapal.com/v3/api/Transactions/GetTransactionStatus?orderTrackingId=3defb089-1a4d-453c-ba67-db1c96a3a90d","code":200}}
{"ts":"2025-11-27T03:12:03+00:00","msg":"HTTP request","ctx":{"method":"GET","url":"https://pay.pesapal.com/v3/api/Transactions/GetTransactionStatus?orderTrackingId=3defb089-1a4d-453c-ba67-db1c96a3a90d","code":200}}
{"ts":"2025-11-27T03:12:07+00:00","msg":"HTTP request","ctx":{"method":"GET","url":"https://pay.pesapal.com/v3/api/Transactions/GetTransactionStatus?orderTrackingId=3defb089-1a4d-453c-ba67-db1c96a3a90d","code":200}}
{"ts":"2025-11-27T03:12:12+00:00","msg":"HTTP request","ctx":{"method":"GET","url":"https://pay.pesapal.com/v3/api/Transactions/GetTransactionStatus?orderTrackingId=3defb089-1a4d-453c-ba67-db1c96a3a90d","code":200}}
{"ts":"2025-11-27T03:12:16+00:00","msg":"HTTP request","ctx":{"method":"GET","url":"https://pay.pesapal.com/v3/api/Transactions/GetTransactionStatus?orderTrackingId=3defb089-1a4d-453c-ba67-db1c96a3a90d","code":200}}
{"ts":"2025-11-27T03:12:20+00:00","msg":"HTTP request","ctx":{"method":"GET","url":"https://pay.pesapal.com/v3/api/Transactions/GetTransactionStatus?orderTrackingId=3defb089-1a4d-453c-ba67-db1c96a3a90d","code":200}}
{"ts":"2025-11-27T03:12:25+00:00","msg":"HTTP request","ctx":{"method":"GET","url":"https://pay.pesapal.com/v3/api/Transactions/GetTransactionStatus?orderTrackingId=3defb089-1a4d-453c-ba67-db1c96a3a90d","code":200}}
{"ts":"2025-11-27T03:12:30+00:00","msg":"HTTP request","ctx":{"method":"GET","url":"https://pay.pesapal.com/v3/api/Transactions/GetTransactionStatus?orderTrackingId=3defb089-1a4d-453c-ba67-db1c96a3a90d","code":200}}
{"ts":"2025-11-27T03:12:35+00:00","msg":"HTTP request","ctx":{"method":"GET","url":"https://pay.pesapal.com/v3/api/Transactions/GetTransactionStatus?orderTrackingId=3defb089-1a4d-453c-ba67-db1c96a3a90d","code":200}}
{"ts":"2025-11-27T03:12:40+00:00","msg":"HTTP request","ctx":{"method":"GET","url":"https://pay.pesapal.com/v3/api/Transactions/GetTransactionStatus?orderTrackingId=3defb089-1a4d-453c-ba67-db1c96a3a90d","code":200}}
{"ts":"2025-11-27T03:12:45+00:00","msg":"HTTP request","ctx":{"method":"GET","url":"https://pay.pesapal.com/v3/api/Transactions/GetTransactionStatus?orderTrackingId=3defb089-1a4d-453c-ba67-db1c96a3a90d","code":200}}
{"ts":"2025-11-27T03:12:50+00:00","msg":"HTTP request","ctx":{"method":"GET","url":"https://pay.pesapal.com/v3/api/Transactions/GetTransactionStatus?orderTrackingId=3defb089-1a4d-453c-ba67-db1c96a3a90d","code":200}}
{"ts":"2025-11-27T03:12:55+00:00","msg":"HTTP request","ctx":{"method":"GET","url":"https://pay.pesapal.com/v3/api/Transactions/GetTransactionStatus?orderTrackingId=3defb089-1a4d-453c-ba67-db1c96a3a90d","code":200}}
{"ts":"2025-11-27T03:13:00+00:00","msg":"HTTP request","ctx":{"method":"GET","url":"https://pay.pesapal.com/v3/api/Transactions/GetTransactionStatus?orderTrackingId=3defb089-1a4d-453c-ba67-db1c96a3a90d","code":200}}
{"ts":"2025-11-27T03:13:05+00:00","msg":"HTTP request","ctx":{"method":"POST","url":"https://pay.pesapal.com/v3/api/Auth/RequestToken","code":200}}
{"ts":"2025-11-27T03:13:05+00:00","msg":"HTTP request","ctx":{"method":"GET","url":"https://pay.pesapal.com/v3/api/Transactions/GetTransactionStatus?orderTrackingId=3defb089-1a4d-453c-ba67-db1c96a3a90d","code":200}}
{"ts":"2025-11-27T03:13:10+00:00","msg":"HTTP request","ctx":{"method":"GET","url":"https://pay.pesapal.com/v3/api/Transactions/GetTransactionStatus?orderTrackingId=3defb089-1a4d-453c-ba67-db1c96a3a90d","code":200}}
{"ts":"2025-11-27T03:13:15+00:00","msg":"HTTP request","ctx":{"method":"GET","url":"https://pay.pesapal.com/v3/api/Transactions/GetTransactionStatus?orderTrackingId=3defb089-1a4d-453c-ba67-db1c96a3a90d","code":200}}
{"ts":"2025-11-27T03:13:20+00:00","msg":"HTTP request","ctx":{"method":"GET","url":"https://pay.pesapal.com/v3/api/Transactions/GetTransactionStatus?orderTrackingId=3defb089-1a4d-453c-ba67-db1c96a3a90d","code":200}}
{"ts":"2025-11-27T03:13:25+00:00","msg":"HTTP request","ctx":{"method":"GET","url":"https://pay.pesapal.com/v3/api/Transactions/GetTransactionStatus?orderTrackingId=3defb089-1a4d-453c-ba67-db1c96a3a90d","code":200}}
{"ts":"2025-11-27T03:13:30+00:00","msg":"HTTP request","ctx":{"method":"GET","url":"https://pay.pesapal.com/v3/api/Transactions/GetTransactionStatus?orderTrackingId=3defb089-1a4d-453c-ba67-db1c96a3a90d","code":200}}
{"ts":"2025-11-27T03:13:35+00:00","msg":"HTTP request","ctx":{"method":"GET","url":"https://pay.pesapal.com/v3/api/Transactions/GetTransactionStatus?orderTrackingId=3defb089-1a4d-453c-ba67-db1c96a3a90d","code":200}}
{"ts":"2025-11-27T03:13:40+00:00","msg":"HTTP request","ctx":{"method":"GET","url":"https://pay.pesapal.com/v3/api/Transactions/GetTransactionStatus?orderTrackingId=3defb089-1a4d-453c-ba67-db1c96a3a90d","code":200}}
{"ts":"2025-11-27T03:13:45+00:00","msg":"HTTP request","ctx":{"method":"GET","url":"https://pay.pesapal.com/v3/api/Transactions/GetTransactionStatus?orderTrackingId=3defb089-1a4d-453c-ba67-db1c96a3a90d","code":200}}
{"ts":"2025-11-27T03:13:49+00:00","msg":"HTTP request","ctx":{"method":"GET","url":"https://pay.pesapal.com/v3/api/Transactions/GetTransactionStatus?orderTrackingId=3defb089-1a4d-453c-ba67-db1c96a3a90d","code":200}}
{"ts":"2025-11-27T03:13:50+00:00","msg":"HTTP request","ctx":{"method":"GET","url":"https://pay.pesapal.com/v3/api/URLSetup/GetIpnList","code":200}}
{"ts":"2025-11-27T03:13:50+00:00","msg":"HTTP request","ctx":{"method":"POST","url":"https://pay.pesapal.com/v3/api/Transactions/SubmitOrderRequest","code":200}}
{"ts":"2025-11-27T03:13:55+00:00","msg":"HTTP request","ctx":{"method":"GET","url":"https://pay.pesapal.com/v3/api/Transactions/GetTransactionStatus?orderTrackingId=3defb089-1a4d-453c-ba67-db1c96a3a90d","code":200}}
{"ts":"2025-11-27T03:13:59+00:00","msg":"HTTP request","ctx":{"method":"GET","url":"https://pay.pesapal.com/v3/api/Transactions/GetTransactionStatus?orderTrackingId=3defb089-1a4d-453c-ba67-db1c96a3a90d","code":200}}
{"ts":"2025-11-27T03:14:04+00:00","msg":"HTTP request","ctx":{"method":"GET","url":"https://pay.pesapal.com/v3/api/Transactions/GetTransactionStatus?orderTrackingId=3defb089-1a4d-453c-ba67-db1c96a3a90d","code":200}}
{"ts":"2025-11-27T03:14:09+00:00","msg":"HTTP request","ctx":{"method":"GET","url":"https://pay.pesapal.com/v3/api/Transactions/GetTransactionStatus?orderTrackingId=3defb089-1a4d-453c-ba67-db1c96a3a90d","code":200}}
{"ts":"2025-11-27T03:14:14+00:00","msg":"HTTP request","ctx":{"method":"GET","url":"https://pay.pesapal.com/v3/api/Transactions/GetTransactionStatus?orderTrackingId=3defb089-1a4d-453c-ba67-db1c96a3a90d","code":200}}
{"ts":"2025-11-27T03:14:19+00:00","msg":"HTTP request","ctx":{"method":"GET","url":"https://pay.pesapal.com/v3/api/Transactions/GetTransactionStatus?orderTrackingId=3defb089-1a4d-453c-ba67-db1c96a3a90d","code":200}}
{"ts":"2025-11-27T03:14:24+00:00","msg":"HTTP request","ctx":{"method":"GET","url":"https://pay.pesapal.com/v3/api/Transactions/GetTransactionStatus?orderTrackingId=3defb089-1a4d-453c-ba67-db1c96a3a90d","code":200}}
{"ts":"2025-11-27T03:14:26+00:00","msg":"HTTP request","ctx":{"method":"GET","url":"https://pay.pesapal.com/v3/api/URLSetup/GetIpnList","code":200}}
{"ts":"2025-11-27T03:14:26+00:00","msg":"HTTP request","ctx":{"method":"POST","url":"https://pay.pesapal.com/v3/api/Transactions/SubmitOrderRequest","code":200}}
{"ts":"2025-11-27T03:14:31+00:00","msg":"HTTP request","ctx":{"method":"GET","url":"https://pay.pesapal.com/v3/api/Transactions/GetTransactionStatus?orderTrackingId=3defb089-1a4d-453c-ba67-db1c96a3a90d","code":200}}
{"ts":"2025-11-27T03:14:35+00:00","msg":"HTTP request","ctx":{"method":"GET","url":"https://pay.pesapal.com/v3/api/Transactions/GetTransactionStatus?orderTrackingId=3defb089-1a4d-453c-ba67-db1c96a3a90d","code":200}}
{"ts":"2025-11-27T03:14:40+00:00","msg":"HTTP request","ctx":{"method":"GET","url":"https://pay.pesapal.com/v3/api/Transactions/GetTransactionStatus?orderTrackingId=3defb089-1a4d-453c-ba67-db1c96a3a90d","code":200}}
{"ts":"2025-11-27T03:14:45+00:00","msg":"HTTP request","ctx":{"method":"GET","url":"https://pay.pesapal.com/v3/api/Transactions/GetTransactionStatus?orderTrackingId=3defb089-1a4d-453c-ba67-db1c96a3a90d","code":200}}
{"ts":"2025-11-27T03:14:50+00:00","msg":"HTTP request","ctx":{"method":"GET","url":"https://pay.pesapal.com/v3/api/Transactions/GetTransactionStatus?orderTrackingId=3defb089-1a4d-453c-ba67-db1c96a3a90d","code":200}}
{"ts":"2025-11-27T03:14:55+00:00","msg":"HTTP request","ctx":{"method":"GET","url":"https://pay.pesapal.com/v3/api/Transactions/GetTransactionStatus?orderTrackingId=3defb089-1a4d-453c-ba67-db1c96a3a90d","code":200}}
{"ts":"2025-11-27T03:15:00+00:00","msg":"HTTP request","ctx":{"method":"GET","url":"https://pay.pesapal.com/v3/api/Transactions/GetTransactionStatus?orderTrackingId=3defb089-1a4d-453c-ba67-db1c96a3a90d","code":200}}
{"ts":"2025-11-27T03:15:05+00:00","msg":"HTTP request","ctx":{"method":"GET","url":"https://pay.pesapal.com/v3/api/Transactions/GetTransactionStatus?orderTrackingId=3defb089-1a4d-453c-ba67-db1c96a3a90d","code":200}}
{"ts":"2025-11-27T03:15:10+00:00","msg":"HTTP request","ctx":{"method":"GET","url":"https://pay.pesapal.com/v3/api/Transactions/GetTransactionStatus?orderTrackingId=3defb089-1a4d-453c-ba67-db1c96a3a90d","code":200}}
{"ts":"2025-11-27T03:15:15+00:00","msg":"HTTP request","ctx":{"method":"GET","url":"https://pay.pesapal.com/v3/api/Transactions/GetTransactionStatus?orderTrackingId=3defb089-1a4d-453c-ba67-db1c96a3a90d","code":200}}
{"ts":"2025-11-27T03:15:20+00:00","msg":"HTTP request","ctx":{"method":"GET","url":"https://pay.pesapal.com/v3/api/Transactions/GetTransactionStatus?orderTrackingId=3defb089-1a4d-453c-ba67-db1c96a3a90d","code":200}}
{"ts":"2025-11-27T03:15:25+00:00","msg":"HTTP request","ctx":{"method":"GET","url":"https://pay.pesapal.com/v3/api/Transactions/GetTransactionStatus?orderTrackingId=3defb089-1a4d-453c-ba67-db1c96a3a90d","code":200}}
{"ts":"2025-11-27T03:15:30+00:00","msg":"HTTP request","ctx":{"method":"GET","url":"https://pay.pesapal.com/v3/api/Transactions/GetTransactionStatus?orderTrackingId=3defb089-1a4d-453c-ba67-db1c96a3a90d","code":200}}
{"ts":"2025-11-27T03:15:35+00:00","msg":"HTTP request","ctx":{"method":"GET","url":"https://pay.pesapal.com/v3/api/Transactions/GetTransactionStatus?orderTrackingId=3defb089-1a4d-453c-ba67-db1c96a3a90d","code":200}}
{"ts":"2025-11-27T03:15:40+00:00","msg":"HTTP request","ctx":{"method":"GET","url":"https://pay.pesapal.com/v3/api/Transactions/GetTransactionStatus?orderTrackingId=3defb089-1a4d-453c-ba67-db1c96a3a90d","code":200}}
{"ts":"2025-11-27T03:15:45+00:00","msg":"HTTP request","ctx":{"method":"GET","url":"https://pay.pesapal.com/v3/api/Transactions/GetTransactionStatus?orderTrackingId=3defb089-1a4d-453c-ba67-db1c96a3a90d","code":200}}
{"ts":"2025-11-27T03:15:50+00:00","msg":"HTTP request","ctx":{"method":"GET","url":"https://pay.pesapal.com/v3/api/Transactions/GetTransactionStatus?orderTrackingId=3defb089-1a4d-453c-ba67-db1c96a3a90d","code":200}}
{"ts":"2025-11-27T03:15:55+00:00","msg":"HTTP request","ctx":{"method":"GET","url":"https://pay.pesapal.com/v3/api/Transactions/GetTransactionStatus?orderTrackingId=3defb089-1a4d-453c-ba67-db1c96a3a90d","code":200}}
{"ts":"2025-11-27T03:16:00+00:00","msg":"HTTP request","ctx":{"method":"GET","url":"https://pay.pesapal.com/v3/api/Transactions/GetTransactionStatus?orderTrackingId=3defb089-1a4d-453c-ba67-db1c96a3a90d","code":200}}
{"ts":"2025-11-27T03:16:05+00:00","msg":"HTTP request","ctx":{"method":"GET","url":"https://pay.pesapal.com/v3/api/Transactions/GetTransactionStatus?orderTrackingId=3defb089-1a4d-453c-ba67-db1c96a3a90d","code":200}}
{"ts":"2025-11-27T03:16:10+00:00","msg":"HTTP request","ctx":{"method":"GET","url":"https://pay.pesapal.com/v3/api/Transactions/GetTransactionStatus?orderTrackingId=3defb089-1a4d-453c-ba67-db1c96a3a90d","code":200}}
{"ts":"2025-11-27T03:16:15+00:00","msg":"HTTP request","ctx":{"method":"GET","url":"https://pay.pesapal.com/v3/api/Transactions/GetTransactionStatus?orderTrackingId=3defb089-1a4d-453c-ba67-db1c96a3a90d","code":200}}
{"ts":"2025-11-27T03:16:20+00:00","msg":"HTTP request","ctx":{"method":"GET","url":"https://pay.pesapal.com/v3/api/Transactions/GetTransactionStatus?orderTrackingId=3defb089-1a4d-453c-ba67-db1c96a3a90d","code":200}}
{"ts":"2025-11-27T03:16:25+00:00","msg":"HTTP request","ctx":{"method":"GET","url":"https://pay.pesapal.com/v3/api/Transactions/GetTransactionStatus?orderTrackingId=3defb089-1a4d-453c-ba67-db1c96a3a90d","code":200}}
{"ts":"2025-11-27T03:16:30+00:00","msg":"HTTP request","ctx":{"method":"GET","url":"https://pay.pesapal.com/v3/api/Transactions/GetTransactionStatus?orderTrackingId=3defb089-1a4d-453c-ba67-db1c96a3a90d","code":200}}
{"ts":"2025-11-27T03:16:35+00:00","msg":"HTTP request","ctx":{"method":"GET","url":"https://pay.pesapal.com/v3/api/Transactions/GetTransactionStatus?orderTrackingId=3defb089-1a4d-453c-ba67-db1c96a3a90d","code":200}}
{"ts":"2025-11-27T03:16:40+00:00","msg":"HTTP request","ctx":{"method":"GET","url":"https://pay.pesapal.com/v3/api/Transactions/GetTransactionStatus?orderTrackingId=3defb089-1a4d-453c-ba67-db1c96a3a90d","code":200}}
{"ts":"2025-11-27T03:16:45+00:00","msg":"HTTP request","ctx":{"method":"GET","url":"https://pay.pesapal.com/v3/api/Transactions/GetTransactionStatus?orderTrackingId=3defb089-1a4d-453c-ba67-db1c96a3a90d","code":200}}
{"ts":"2025-11-27T03:16:50+00:00","msg":"HTTP request","ctx":{"method":"GET","url":"https://pay.pesapal.com/v3/api/Transactions/GetTransactionStatus?orderTrackingId=3defb089-1a4d-453c-ba67-db1c96a3a90d","code":200}}
{"ts":"2025-11-27T03:16:55+00:00","msg":"HTTP request","ctx":{"method":"GET","url":"https://pay.pesapal.com/v3/api/Transactions/GetTransactionStatus?orderTrackingId=3defb089-1a4d-453c-ba67-db1c96a3a90d","code":200}}
{"ts":"2025-11-27T03:17:00+00:00","msg":"HTTP request","ctx":{"method":"GET","url":"https://pay.pesapal.com/v3/api/Transactions/GetTransactionStatus?orderTrackingId=3defb089-1a4d-453c-ba67-db1c96a3a90d","code":200}}
{"ts":"2025-11-27T03:17:05+00:00","msg":"HTTP request","ctx":{"method":"GET","url":"https://pay.pesapal.com/v3/api/Transactions/GetTransactionStatus?orderTrackingId=3defb089-1a4d-453c-ba67-db1c96a3a90d","code":200}}
{"ts":"2025-11-27T03:17:10+00:00","msg":"HTTP request","ctx":{"method":"GET","url":"https://pay.pesapal.com/v3/api/Transactions/GetTransactionStatus?orderTrackingId=3defb089-1a4d-453c-ba67-db1c96a3a90d","code":200}}
{"ts":"2025-11-27T03:17:15+00:00","msg":"HTTP request","ctx":{"method":"GET","url":"https://pay.pesapal.com/v3/api/Transactions/GetTransactionStatus?orderTrackingId=3defb089-1a4d-453c-ba67-db1c96a3a90d","code":200}}
{"ts":"2025-11-27T03:17:20+00:00","msg":"HTTP request","ctx":{"method":"GET","url":"https://pay.pesapal.com/v3/api/Transactions/GetTransactionStatus?orderTrackingId=3defb089-1a4d-453c-ba67-db1c96a3a90d","code":200}}
{"ts":"2025-11-27T03:17:25+00:00","msg":"HTTP request","ctx":{"method":"GET","url":"https://pay.pesapal.com/v3/api/Transactions/GetTransactionStatus?orderTrackingId=3defb089-1a4d-453c-ba67-db1c96a3a90d","code":200}}
{"ts":"2025-11-27T03:17:30+00:00","msg":"HTTP request","ctx":{"method":"GET","url":"https://pay.pesapal.com/v3/api/Transactions/GetTransactionStatus?orderTrackingId=3defb089-1a4d-453c-ba67-db1c96a3a90d","code":200}}
{"ts":"2025-11-27T03:17:35+00:00","msg":"HTTP request","ctx":{"method":"GET","url":"https://pay.pesapal.com/v3/api/Transactions/GetTransactionStatus?orderTrackingId=3defb089-1a4d-453c-ba67-db1c96a3a90d","code":200}}
{"ts":"2025-11-27T03:17:39+00:00","msg":"HTTP request","ctx":{"method":"GET","url":"https://pay.pesapal.com/v3/api/Transactions/GetTransactionStatus?orderTrackingId=3defb089-1a4d-453c-ba67-db1c96a3a90d","code":200}}
{"ts":"2025-11-27T03:17:39+00:00","msg":"HTTP request","ctx":{"method":"GET","url":"https://pay.pesapal.com/v3/api/URLSetup/GetIpnList","code":200}}
{"ts":"2025-11-27T03:17:39+00:00","msg":"HTTP request","ctx":{"method":"POST","url":"https://pay.pesapal.com/v3/api/Transactions/SubmitOrderRequest","code":200}}
{"ts":"2025-11-27T03:17:44+00:00","msg":"HTTP request","ctx":{"method":"GET","url":"https://pay.pesapal.com/v3/api/Transactions/GetTransactionStatus?orderTrackingId=3defb089-1a4d-453c-ba67-db1c96a3a90d","code":200}}
{"ts":"2025-11-27T03:17:48+00:00","msg":"HTTP request","ctx":{"method":"GET","url":"https://pay.pesapal.com/v3/api/Transactions/GetTransactionStatus?orderTrackingId=3defb089-1a4d-453c-ba67-db1c96a3a90d","code":200}}
{"ts":"2025-11-27T03:17:52+00:00","msg":"HTTP request","ctx":{"method":"POST","url":"https://pay.pesapal.com/v3/api/Auth/RequestToken","code":200}}
{"ts":"2025-11-27T03:17:53+00:00","msg":"HTTP request","ctx":{"method":"GET","url":"https://pay.pesapal.com/v3/api/Transactions/GetTransactionStatus?orderTrackingId=3defb089-1a4d-453c-ba67-db1c96a3a90d","code":200}}
{"ts":"2025-11-27T03:17:57+00:00","msg":"HTTP request","ctx":{"method":"GET","url":"https://pay.pesapal.com/v3/api/Transactions/GetTransactionStatus?orderTrackingId=3defb089-1a4d-453c-ba67-db1c96a3a90d","code":200}}
{"ts":"2025-11-27T03:18:01+00:00","msg":"HTTP request","ctx":{"method":"GET","url":"https://pay.pesapal.com/v3/api/Transactions/GetTransactionStatus?orderTrackingId=3defb089-1a4d-453c-ba67-db1c96a3a90d","code":200}}
{"ts":"2025-11-27T07:56:18+00:00","msg":"HTTP request","ctx":{"method":"POST","url":"https://pay.pesapal.com/v3/api/Auth/RequestToken","code":200}}
{"ts":"2025-11-27T07:56:18+00:00","msg":"HTTP request","ctx":{"method":"GET","url":"https://pay.pesapal.com/v3/api/URLSetup/GetIpnList","code":200}}
{"ts":"2025-11-27T07:56:18+00:00","msg":"HTTP request","ctx":{"method":"POST","url":"https://pay.pesapal.com/v3/api/Transactions/SubmitOrderRequest","code":200}}
{"ts":"2025-11-27T07:56:22+00:00","msg":"HTTP request","ctx":{"method":"GET","url":"https://pay.pesapal.com/v3/api/Transactions/GetTransactionStatus?orderTrackingId=7185de07-0181-4f8b-bbb6-db1e5107b80c","code":200}}
{"ts":"2025-11-27T07:56:27+00:00","msg":"HTTP request","ctx":{"method":"GET","url":"https://pay.pesapal.com/v3/api/Transactions/GetTransactionStatus?orderTrackingId=7185de07-0181-4f8b-bbb6-db1e5107b80c","code":200}}
{"ts":"2025-11-27T07:56:31+00:00","msg":"HTTP request","ctx":{"method":"GET","url":"https://pay.pesapal.com/v3/api/Transactions/GetTransactionStatus?orderTrackingId=7185de07-0181-4f8b-bbb6-db1e5107b80c","code":200}}
{"ts":"2025-11-27T07:56:35+00:00","msg":"HTTP request","ctx":{"method":"GET","url":"https://pay.pesapal.com/v3/api/Transactions/GetTransactionStatus?orderTrackingId=7185de07-0181-4f8b-bbb6-db1e5107b80c","code":200}}
{"ts":"2025-11-27T07:56:39+00:00","msg":"HTTP request","ctx":{"method":"GET","url":"https://pay.pesapal.com/v3/api/Transactions/GetTransactionStatus?orderTrackingId=7185de07-0181-4f8b-bbb6-db1e5107b80c","code":200}}
{"ts":"2025-11-27T08:02:49+00:00","msg":"HTTP request","ctx":{"method":"POST","url":"https://pay.pesapal.com/v3/api/Auth/RequestToken","code":200}}
{"ts":"2025-11-27T08:02:49+00:00","msg":"HTTP request","ctx":{"method":"GET","url":"https://pay.pesapal.com/v3/api/URLSetup/GetIpnList","code":200}}
{"ts":"2025-11-27T08:02:49+00:00","msg":"HTTP request","ctx":{"method":"POST","url":"https://pay.pesapal.com/v3/api/Transactions/SubmitOrderRequest","code":200}}
